sheet,position_no,title_th,org_unit_code,position_type_code
ข้าราชการ,52-1-00-1101-001,นักบริหารงานท้องถิ่น ระดับสูง,HQ,EXECUTIVE
ข้าราชการ,52-1-00-1101-002,นักบริหารงานท้องถิ่น ระดับสูง,HQ,EXECUTIVE
ข้าราชการ,52-1-00-1101-003,นักบริหารงานท้องถิ่น ระดับกลาง,HQ,EXECUTIVE
ข้าราชการ,52-1-01-2101-001,นักบริหารงานทั่วไป ระดับกลาง,SP,DIRECTOR
ข้าราชการ,52-1-01-2101-002,นักบริหารงานทั่วไป ระดับต้น,SP,DIRECTOR
ข้าราชการ,52-1-01-2101-005,นักบริหารงานทั่วไป ระดับต้น,SP,DIRECTOR
ข้าราชการ,52-1-01-2105-001,นักบริหารงานสวัสดิการสังคม ระดับต้น,SP,DIRECTOR
ข้าราชการ,52-1-01-3105-003,นิติกร,SP,ACADEMIC
ข้าราชการ,52-1-01-3101-002,นักจัดการงานทั่วไป,SP,ACADEMIC
ข้าราชการ,52-1-01-3101-004,นักจัดการงานทั่วไป,SP,ACADEMIC
ข้าราชการ,52-1-01-3101-005,นักจัดการงานทั่วไป,SP,ACADEMIC
ข้าราชการ,52-1-01-3101-006,นักจัดการงานทั่วไป,SP,ACADEMIC
ข้าราชการ,52-1-01-3101-007,นักจัดการงานทั่วไป,SP,ACADEMIC
ข้าราชการ,52-1-01-3105-001,นิติกร,SP,ACADEMIC
ข้าราชการ,52-1-01-3105-002,นิติกร,SP,ACADEMIC
ข้าราชการ,52-1-01-3105-004,นิติกร,SP,ACADEMIC
ข้าราชการ,52-1-01-3106-001,นักวิชาการคอมพิวเตอร์,SP,ACADEMIC
ข้าราชการ,52-1-01-3206-001,นักวิชาการพาณิชย์,SP,ACADEMIC
ข้าราชการ,52-1-01-3206-002,นักวิชาการพาณิชย์,SP,ACADEMIC
ข้าราชการ,52-1-01-3301-001,นักประชาสัมพันธ์ชก.,SP,ACADEMIC
ข้าราชการ,52-1-01-3302-001,นักพัฒนาการท่องเที่ยว,SP,ACADEMIC
ข้าราชการ,52-1-01-3302-002,นักพัฒนาการท่องเที่ยว,SP,ACADEMIC
ข้าราชการ,52-1-01-3302-003,นักพัฒนาการท่องเที่ยว,SP,ACADEMIC
ข้าราชการ,52-1-01-3401-001,นักวิชาการเกษตร,SP,ACADEMIC
ข้าราชการ,52-1-01-3801-001,นักพัฒนาชุมชน,SP,ACADEMIC
ข้าราชการ,52-1-01-3801-002,นักพัฒนาชุมชน,SP,ACADEMIC
ข้าราชการ,52-1-01-3802-001,นักสังคมสงเคราะห์,SP,ACADEMIC
ข้าราชการ,52-1-01-3802-002,นักสังคมสงเคราะห์,SP,ACADEMIC
ข้าราชการ,52-1-01-3810-001,นักป้องกันและบรรเทาสาธารณภัย,SP,ACADEMIC
ข้าราชการ,52-1-01-4101-001,เจ้าพนักงานธุรการ,SP,GENERAL
ข้าราชการ,52-1-01-4101-002,เจ้าพนักงานธุรการ,SP,GENERAL
ข้าราชการ,52-1-01-4101-003,เจ้าพนักงานธุรการ,SP,GENERAL
ข้าราชการ,52-1-01-4101-005,เจ้าพนักงานธุรการ,SP,GENERAL
ข้าราชการ,52-1-01-4101-006,เจ้าพนักงานธุรการ,SP,GENERAL
ข้าราชการ,52-1-01-4101-008,เจ้าพนักงานธุรการ,SP,GENERAL
ข้าราชการ,52-1-01-4302-001,จพง.ส่งเสริมการท่องเที่ยว,SP,GENERAL
ข้าราชการ,52-1-01-4401-001,เจ้าพนักงานการเกษตร,SP,GENERAL
ข้าราชการ,52-1-01-4801-002,จพง.พัฒนาชุมชน,SP,GENERAL
ข้าราชการ,52-1-01-4805-001,จพง.ป้องกันและบรรเทาสาธารณภัย,SP,GENERAL
ข้าราชการ,52-1-02-2101-007,นักบริหารงานทั่วไป ระดับกลาง,SL,DIRECTOR
ข้าราชการ,52-1-02-2101-008,นักบริหารงานทั่วไป ระดับต้น,SL,DIRECTOR
ข้าราชการ,52-1-02-2101-009,นักบริหารงานทั่วไป  ระดับต้น,SL,DIRECTOR
ข้าราชการ,52-1-02-2101-010,นักบริหารงานทั่วไป ระดับต้น,SL,DIRECTOR
ข้าราชการ,52-1-02-3101-003,นักจัดการงานทั่วไป,SL,ACADEMIC
ข้าราชการ,52-1-02-3101-009,นักจัดการงานทั่วไป,SL,ACADEMIC
ข้าราชการ,52-1-02-3101-010,นักจัดการงานทั่วไป,SL,ACADEMIC
ข้าราชการ,52-1-02-3101-011,นักจัดการงานทั่วไป,SL,ACADEMIC
ข้าราชการ,52-1-02-4101-010,เจ้าพนักงานธุรการ,SL,GENERAL
ข้าราชการ,52-1-02-4101-011,เจ้าพนักงานธุรการ,SL,GENERAL
ข้าราชการ,52-1-02-4101-012,เจ้าพนักงานธุรการ,SL,GENERAL
ข้าราชการ,52-1-02-4101-013,เจ้าพนักงานธุรการ,SL,GENERAL
ข้าราชการ,52-1-02-4101-014,เจ้าพนักงานธุรการ,SL,GENERAL
ข้าราชการ,52-1-02-4101-038,เจ้าพนักงานธุรการ,SL,GENERAL
ข้าราชการ,52-1-04-2102-001,นักบริหารงานการคลัง ระดับกลาง,KL,DIRECTOR
ข้าราชการ,52-1-04-2101-019,นักบริหารงานทั่วไป ระดับต้น,KL,DIRECTOR
ข้าราชการ,52-1-04-2102-002,นักบริหารงานการคลัง ระดับต้น,KL,DIRECTOR
ข้าราชการ,52-1-04-2102-003,นักบริหารงานการคลัง ระดับต้น,KL,DIRECTOR
ข้าราชการ,52-1-04-2102-004,นักบริหารงานการคลัง ระดับต้น,KL,DIRECTOR
ข้าราชการ,52-1-04-3101-016,นักจัดการงานทั่วไป,KL,ACADEMIC
ข้าราชการ,52-1-04-3106-008,นักวิชาการคอมพิวเตอร์,KL,ACADEMIC
ข้าราชการ,52-1-04-3201-001,นักวิชาการเงินและบัญชี,KL,ACADEMIC
ข้าราชการ,52-1-04-3201-002,นักวิชาการเงินและบัญชี,KL,ACADEMIC
ข้าราชการ,52-1-04-3201-003,นักวิชาการเงินและบัญชี,KL,ACADEMIC
ข้าราชการ,52-1-04-3201-004,นักวิชาการเงินและบัญชี,KL,ACADEMIC
ข้าราชการ,52-1-04-3201-006,นักวิชาการเงินและบัญชี,KL,ACADEMIC
ข้าราชการ,52-1-04-3201-007,นักวิชาการเงินและบัญชี,KL,ACADEMIC
ข้าราชการ,52-1-04-3202-001,นักวิชาการคลัง,KL,ACADEMIC
ข้าราชการ,52-1-04-4101-019,เจ้าพนักงานธุรการ,KL,GENERAL
ข้าราชการ,52-1-04-4101-020,เจ้าพนักงานธุรการ,KL,GENERAL
ข้าราชการ,52-1-04-4101-021,เจ้าพนักงานธุรการ,KL,GENERAL
ข้าราชการ,52-1-04-4101-041,เจ้าพนักงานธุรการ,KL,GENERAL
ข้าราชการ,52-1-04-4201-001,เจ้าพนักงานการเงินและบัญชี,KL,GENERAL
ข้าราชการ,52-1-04-4201-002,เจ้าพนักงานการเงินและบัญชี,KL,GENERAL
ข้าราชการ,52-1-04-4201-003,เจ้าพนักงานการเงินและบัญชี,KL,GENERAL
ข้าราชการ,52-1-04-4201-004,เจ้าพนักงานการเงินและบัญชี,KL,GENERAL
ข้าราชการ,52-1-04-4201-005,เจ้าพนักงานการเงินและบัญชี,KL,GENERAL
ข้าราชการ,52-1-04-4201-006,เจ้าพนักงานการเงินและบัญชี,KL,GENERAL
ข้าราชการ,52-1-04-4201-007,เจ้าพนักงานการเงินและบัญชี,KL,GENERAL
ข้าราชการ,52-1-04-4201-008,เจ้าพนักงานการเงินและบัญชี,KL,GENERAL
ข้าราชการ,52-1-04-4201-010,เจ้าพนักงานการเงินและบัญชี,KL,GENERAL
ข้าราชการ,52-1-04-4201-011,เจ้าพนักงานการเงินและบัญชี,KL,GENERAL
ข้าราชการ,52-1-04-4201-012,เจ้าพนักงานการเงินและบัญชี,KL,GENERAL
ข้าราชการ,52-1-04-4201-013,เจ้าพนักงานการเงินและบัญชี,KL,GENERAL
ข้าราชการ,52-1-04-4201-014,เจ้าพนักงานการเงินและบัญชี,KL,GENERAL
ข้าราชการ,52-1-04-4201-015,เจ้าพนักงานการเงินและบัญชี,KL,GENERAL
ข้าราชการ,52-1-04-4201-016,เจ้าพนักงานการเงินและบัญชี,KL,GENERAL
ข้าราชการ,52-1-04-4201-019,เจ้าพนักงานการเงินและบัญชี,KL,GENERAL
ข้าราชการ,52-1-04-4201-020,เจ้าพนักงานการเงินและบัญชี,KL,GENERAL
ข้าราชการ,52-1-04-4201-022,เจ้าพนักงานการเงินและบัญชี,KL,GENERAL
ข้าราชการ,52-1-04-4201-100,เจ้าพนักงานการเงินและบัญชี,KL,GENERAL
ข้าราชการ,52-1-05-2103-001,นักบริหารงานช่าง ระดับสูง,SC,DIRECTOR
ข้าราชการ,52-1-05-2103-007,นักบริหารงานช่าง ระดับกลาง,SC,DIRECTOR
ข้าราชการ,52-1-05-2103-008,นักบริหารงานช่าง ระดับกลาง,SC,DIRECTOR
ข้าราชการ,52-1-05-2101-020,นักบริหารงานทั่วไป ระดับต้น,SC,DIRECTOR
ข้าราชการ,52-1-05-2103-002,นักบริหารงานช่าง ระดับต้น,SC,DIRECTOR
ข้าราชการ,52-1-05-2103-003,นักบริหารงานช่าง ระดับต้น,SC,DIRECTOR
ข้าราชการ,52-1-05-2103-004,นักบริหารงานช่าง ระดับต้น,SC,DIRECTOR
ข้าราชการ,52-1-05-2103-005,นักบริหารงานช่าง ระดับต้น,SC,DIRECTOR
ข้าราชการ,52-1-05-2103-006,นักบริหารงานช่าง  ระดับต้น,SC,DIRECTOR
ข้าราชการ,52-1-05-3101-017,นักจัดการงานทั่วไป,SC,ACADEMIC
ข้าราชการ,52-1-05-3106-009,นักวิชาการคอมพิวเตอร์,SC,ACADEMIC
ข้าราชการ,52-1-05-3607-001,นักวิชาการสิ่งแวดล้อม,SC,ACADEMIC
ข้าราชการ,52-1-05-3701-001,วิศวกรโยธา,SC,ACADEMIC
ข้าราชการ,52-1-05-3701-002,วิศวกรโยธา,SC,ACADEMIC
ข้าราชการ,52-1-05-3701-003,วิศวกรโยธา,SC,ACADEMIC
ข้าราชการ,52-1-05-3701-004,วิศวกรโยธา,SC,ACADEMIC
ข้าราชการ,52-1-05-3701-005,วิศวกรโยธา,SC,ACADEMIC
ข้าราชการ,52-1-05-3702-001,สถาปนิก,SC,ACADEMIC
ข้าราชการ,52-1-05-3702-002,สถาปนิก,SC,ACADEMIC
ข้าราชการ,52-1-05-3702-003,สถาปนิก,SC,ACADEMIC
ข้าราชการ,52-1-05-3702-004,สถาปนิก,SC,ACADEMIC
ข้าราชการ,52-1-05-3703-001,นักผังเมือง,SC,ACADEMIC
ข้าราชการ,52-1-05-3704-001,วิศวกรเครื่องกล,SC,ACADEMIC
ข้าราชการ,52-1-05-3704-002,วิศวกรเครื่องกล,SC,ACADEMIC
ข้าราชการ,52-1-05-3705-001,วิศวกรไฟฟ้า,SC,ACADEMIC
ข้าราชการ,52-1-05-3706-001,วิศวกรสุขาภิบาล,SC,ACADEMIC
ข้าราชการ,52-1-05-4101-022,เจ้าพนักงานธุรการ,SC,GENERAL
ข้าราชการ,52-1-05-4101-023,เจ้าพนักงานธุรการ,SC,GENERAL
ข้าราชการ,52-1-05-4101-024,เจ้าพนักงานธุรการ,SC,GENERAL
ข้าราชการ,52-1-05-4101-025,เจ้าพนักงานธุรการ,SC,GENERAL
ข้าราชการ,52-1-05-4101-026,เจ้าพนักงานธุรการ,SC,GENERAL
ข้าราชการ,52-1-05-4101-027,เจ้าพนักงานธุรการ,SC,GENERAL
ข้าราชการ,52-1-05-4101-028,เจ้าพนักงานธุรการ,SC,GENERAL
ข้าราชการ,52-1-05-4101-029,เจ้าพนักงานธุรการ,SC,GENERAL
ข้าราชการ,52-1-05-4101-042,เจ้าพนักงานธุรการ,SC,GENERAL
ข้าราชการ,52-1-05-4101-043,เจ้าพนักงานธุรการ,SC,GENERAL
ข้าราชการ,52-1-05-4101-045,เจ้าพนักงานธุรการ,SC,GENERAL
ข้าราชการ,52-1-05-4101-046,เจ้าพนักงานธุรการ,SC,GENERAL
ข้าราชการ,52-1-05-4404-001,เจ้าพนักงานสวนสาธารณะ,SC,GENERAL
ข้าราชการ,52-1-05-4701-001,นายช่างโยธา,SC,GENERAL
ข้าราชการ,52-1-05-4701-003,นายช่างโยธา,SC,GENERAL
ข้าราชการ,52-1-05-4701-004,นายช่างโยธา,SC,GENERAL
ข้าราชการ,52-1-05-4701-005,นายช่างโยธา,SC,GENERAL
ข้าราชการ,52-1-05-4701-006,นายช่างโยธา,SC,GENERAL
ข้าราชการ,52-1-05-4701-007,นายช่างโยธา,SC,GENERAL
ข้าราชการ,52-1-05-4701-012,นายช่างโยธา,SC,GENERAL
ข้าราชการ,52-1-05-4701-013,นายช่างโยธา,SC,GENERAL
ข้าราชการ,52-1-05-4701-015,นายช่างโยธา,SC,GENERAL
ข้าราชการ,52-1-05-4701-016,นายช่างโยธา,SC,GENERAL
ข้าราชการ,52-1-05-4701-017,นายช่างโยธา,SC,GENERAL
ข้าราชการ,52-1-05-4701-019,นายช่างโยธา,SC,GENERAL
ข้าราชการ,52-1-05-4701-020,นายช่างโยธา,SC,GENERAL
ข้าราชการ,52-1-05-4701-021,นายช่างโยธา,SC,GENERAL
ข้าราชการ,52-1-05-4702-001,นายช่างเขียนแบบ,SC,GENERAL
ข้าราชการ,52-1-05-4705-001,นายช่างเครื่องกลอาวุโส,SC,GENERAL
ข้าราชการ,52-1-05-4705-002,นายช่างเครื่องกล,SC,GENERAL
ข้าราชการ,52-1-05-4705-003,นายช่างเครื่องกล,SC,GENERAL
ข้าราชการ,52-1-05-4705-004,นายช่างเครื่องกล,SC,GENERAL
ข้าราชการ,52-1-05-4705-005,นายช่างเครื่องกล,SC,GENERAL
ข้าราชการ,52-1-05-4705-006,นายช่างเครื่องกล,SC,GENERAL
ข้าราชการ,52-1-05-4705-007,นายช่างเครื่องกล,SC,GENERAL
ข้าราชการ,52-1-05-4705-008,นายช่างเครื่องกล,SC,GENERAL
ข้าราชการ,52-1-05-4706-001,นายช่างไฟฟ้า,SC,GENERAL
ข้าราชการ,52-1-05-4706-002,นายช่างไฟฟ้า,SC,GENERAL
ข้าราชการ,52-1-05-4706-003,นายช่างไฟฟ้า,SC,GENERAL
ข้าราชการ,52-1-06-2104-001,นักบริหารงานสาธารณสุขฯ ระดับกลาง,SS,DIRECTOR
ข้าราชการ,52-1-06-2101-023,นักบริหารงานทั่วไป ระดับต้น,SS,DIRECTOR
ข้าราชการ,52-1-06-2104-002,นักบริหารงานสาธารณสุขฯ ระดับต้น,SS,DIRECTOR
ข้าราชการ,52-1-06-2104-003,นักบริหารงานสาธารณสุขฯ ระดับต้น,SS,DIRECTOR
ข้าราชการ,52-1-06-2104-004,นักบริหารงานสาธารณสุขฯ ระดับต้น,SS,DIRECTOR
ข้าราชการ,52-1-06-2104-005,นักบริหารงานสาธารณสุข ระดับต้น,SS,DIRECTOR
ข้าราชการ,52-1-06-3101-008,นักจัดการงานทั่วไป,SS,ACADEMIC
ข้าราชการ,52-1-06-3101-022,นักจัดการงานทั่วไป,SS,ACADEMIC
ข้าราชการ,52-1-06-3101-023,นักจัดการงานทั่วไป,SS,ACADEMIC
ข้าราชการ,52-1-06-3101-026,นักจัดการงานทั่วไป,SS,ACADEMIC
ข้าราชการ,52-1-06-3101-028,นักจัดการงานทั่วไป,SS,ACADEMIC
ข้าราชการ,52-1-06-3101-029,นักจัดการงานทั่วไป,SS,ACADEMIC
ข้าราชการ,52-1-06-3106-014,นักวิชาการคอมพิวเตอร์,SS,ACADEMIC
ข้าราชการ,52-1-06-3106-015,นักวิชาการคอมพิวเตอร์,SS,ACADEMIC
ข้าราชการ,52-1-06-3601-001,นักวิชาการสาธารณสุข,SS,ACADEMIC
ข้าราชการ,52-1-06-3601-002,นักวิชาการสาธารณสุข,SS,ACADEMIC
ข้าราชการ,52-1-06-3601-003,นักวิชาการสาธารณสุข,SS,ACADEMIC
ข้าราชการ,52-1-06-3601-004,นักวิชาการสาธารณสุข,SS,ACADEMIC
ข้าราชการ,52-1-06-3601-005,นักวิชาการสาธารณสุข,SS,ACADEMIC
ข้าราชการ,52-1-06-3601-006,นักวิชาการสาธารณสุข,SS,ACADEMIC
ข้าราชการ,52-1-06-3601-267,นักวิชาการสาธารณสุข,SS,ACADEMIC
ข้าราชการ,52-1-06-3601-268,นักวิชาการสาธารณสุข,SS,ACADEMIC
ข้าราชการ,52-1-06-3601-269,นักวิชาการสาธารณสุข,SS,ACADEMIC
ข้าราชการ,52-1-06-3602-001,พยาบาลวิชาชีพ,SS,ACADEMIC
ข้าราชการ,52-1-06-3602-002,พยาบาลวิชาชีพ,SS,ACADEMIC
ข้าราชการ,52-1-06-3602-003,พยาบาลวิชาชีพ,SS,ACADEMIC
ข้าราชการ,52-1-06-3602-004,พยาบาลวิชาชีพ,SS,ACADEMIC
ข้าราชการ,52-1-06-3602-005,พยาบาลวิชาชีพ,SS,ACADEMIC
ข้าราชการ,52-1-06-3602-006,พยาบาลวิชาชีพ,SS,ACADEMIC
ข้าราชการ,52-1-06-3602-007,พยาบาลวิชาชีพ,SS,ACADEMIC
ข้าราชการ,52-1-06-3603-001,นักกายภาพบำบัด,SS,ACADEMIC
ข้าราชการ,52-1-06-3603-002,นักกายภาพบำบัด,SS,ACADEMIC
ข้าราชการ,52-1-06-3603-003,นักกายภาพบำบัด,SS,ACADEMIC
ข้าราชการ,52-1-06-3605-001,แพทย์แผนไทย,SS,ACADEMIC
ข้าราชการ,52-1-06-3605-002,แพทย์แผนไทย,SS,ACADEMIC
ข้าราชการ,52-1-06-3605-003,แพทย์แผนไทย,SS,ACADEMIC
ข้าราชการ,52-1-06-3606-001,นักวิชาการสุขาภิบาล,SS,ACADEMIC
ข้าราชการ,52-1-06-3607-002,นักวิชาการสิ่งแวดล้อม,SS,ACADEMIC
ข้าราชการ,52-1-06-3612-001,เภสัชกร,SS,ACADEMIC
ข้าราชการ,52-1-06-3612-002,เภสัชกร,SS,ACADEMIC
ข้าราชการ,52-1-06-3612-003,เภสัชกร,SS,ACADEMIC
ข้าราชการ,52-1-06-3613-001,ทันตแพทย์,SS,ACADEMIC
ข้าราชการ,52-1-06-3613-002,ทันตแพทย์,SS,ACADEMIC
ข้าราชการ,52-1-06-3613-003,ทันตแพทย์,SS,ACADEMIC
ข้าราชการ,52-1-06-3615-001,นายแพทย์,SS,ACADEMIC
ข้าราชการ,52-1-06-3615-002,นายแพทย์,SS,ACADEMIC
ข้าราชการ,52-1-06-3615-003,นายแพทย์,SS,ACADEMIC
ข้าราชการ,52-1-06-3615-004,นายแพทย์,SS,ACADEMIC
ข้าราชการ,52-1-06-3615-005,นายแพทย์,SS,ACADEMIC
ข้าราชการ,52-1-06-3616-001,นักฉุกเฉินการแพทย์,SS,ACADEMIC
ข้าราชการ,52-1-06-3616-002,นักฉุกเฉินการแพทย์,SS,ACADEMIC
ข้าราชการ,52-1-06-3616-003,นักฉุกเฉินการแพทย์,SS,ACADEMIC
ข้าราชการ,52-1-06-3616-004,นักฉุกเฉินการแพทย์,SS,ACADEMIC
ข้าราชการ,52-1-06-3616-005,นักฉุกเฉินการแพทย์,SS,ACADEMIC
ข้าราชการ,52-1-06-3616-006,นักฉุกเฉินการแพทย์,SS,ACADEMIC
ข้าราชการ,52-1-06-3616-007,นักฉุกเฉินการแพทย์,SS,ACADEMIC
ข้าราชการ,52-1-06-3616-008,นักฉุกเฉินการแพทย์,SS,ACADEMIC
ข้าราชการ,52-1-06-3616-009,นักฉุกเฉินการแพทย์,SS,ACADEMIC
ข้าราชการ,52-1-06-3616-010,นักฉุกเฉินการแพทย์,SS,ACADEMIC
ข้าราชการ,52-1-06-3616-011,นักฉุกเฉินการแพทย์,SS,ACADEMIC
ข้าราชการ,52-1-06-3616-012,นักฉุกเฉินการแพทย์,SS,ACADEMIC
ข้าราชการ,52-1-06-4101-007,เจ้าพนักงานธุรการ,SS,GENERAL
ข้าราชการ,52-1-06-4101-036,เจ้าพนักงานธุรการ,SS,GENERAL
ข้าราชการ,52-1-06-4101-037,เจ้าพนักงานธุรการ,SS,GENERAL
ข้าราชการ,52-1-06-4101-049,เจ้าพนักงานธุรการ,SS,GENERAL
ข้าราชการ,52-1-06-4601-001,เจ้าพนักงานสาธารณสุข,SS,GENERAL
ข้าราชการ,52-1-06-4601-002,เจ้าพนักงานสาธารณสุข,SS,GENERAL
ข้าราชการ,52-1-06-4601-003,เจ้าพนักงานสาธารณสุข,SS,GENERAL
ข้าราชการ,52-1-06-4601-004,เจ้าพนักงานสาธารณสุข,SS,GENERAL
ข้าราชการ,52-1-07-2101-011,นักบริหารงานทั่วไป ระดับกลาง,YB,DIRECTOR
ข้าราชการ,52-1-07-2101-012,นักบริหารงานทั่วไป ระดับต้น,YB,DIRECTOR
ข้าราชการ,52-1-07-2101-013,นักบริหารงานทั่วไป ระดับต้น,YB,DIRECTOR
ข้าราชการ,52-1-07-2101-014,นักบริหารงานทั่วไป  ระดับต้น,YB,DIRECTOR
ข้าราชการ,52-1-07-2101-022,นักบริหารงานทั่วไป ระดับต้น,YB,DIRECTOR
ข้าราชการ,52-1-07-2101-024,นักบริหารงานทั่วไป ระดับต้น,YB,DIRECTOR
ข้าราชการ,52-1-07-3101-024,นักจัดการงานทั่วไป,YB,ACADEMIC
ข้าราชการ,52-1-07-3101-025,นักจัดการงานทั่วไป,YB,ACADEMIC
ข้าราชการ,52-1-07-3103-001,นักวิเคราะห์นโยบายและแผน,YB,ACADEMIC
ข้าราชการ,52-1-07-3103-002,นักวิเคราะห์นโยบายและแผน,YB,ACADEMIC
ข้าราชการ,52-1-07-3103-003,นักวิเคราะห์นโยบายและแผน,YB,ACADEMIC
ข้าราชการ,52-1-07-3103-004,นักวิเคราะห์นโยบายและแผน,YB,ACADEMIC
ข้าราชการ,52-1-07-3103-005,นักวิเคราะห์นโยบายและแผน,YB,ACADEMIC
ข้าราชการ,52-1-07-3103-006,นักวิเคราะห์นโยบายและแผน,YB,ACADEMIC
ข้าราชการ,52-1-07-3103-007,นักวิเคราะห์นโยบายและแผน,YB,ACADEMIC
ข้าราชการ,52-1-07-3103-008,นักวิเคราะห์นโยบายและแผน,YB,ACADEMIC
ข้าราชการ,52-1-07-3103-009,นักวิเคราะห์นโยบายและแผน,YB,ACADEMIC
ข้าราชการ,52-1-07-3103-010,นักวิเคราะห์นโยบายและแผน,YB,ACADEMIC
ข้าราชการ,52-1-07-3103-011,นักวิเคราะห์นโยบายและแผน,YB,ACADEMIC
ข้าราชการ,52-1-07-3106-002,นักวิชาการคอมพิวเตอร์,YB,ACADEMIC
ข้าราชการ,52-1-07-3106-003,นักวิชาการคอมพิวเตอร์,YB,ACADEMIC
ข้าราชการ,52-1-07-3106-004,นักวิชาการคอมพิวเตอร์,YB,ACADEMIC
ข้าราชการ,52-1-07-3106-005,นักวิชาการคอมพิวเตอร์,YB,ACADEMIC
ข้าราชการ,52-1-07-3106-017,นักวิชาการคอมพิวเตอร์,YB,ACADEMIC
ข้าราชการ,52-1-07-3301-002,นักประชาสัมพันธ์,YB,ACADEMIC
ข้าราชการ,52-1-07-3301-003,นักประชาสัมพันธ์,YB,ACADEMIC
ข้าราชการ,52-1-07-3301-004,นักประชาสัมพันธ์,YB,ACADEMIC
ข้าราชการ,52-1-07-3301-005,นักประชาสัมพันธ์,YB,ACADEMIC
ข้าราชการ,52-1-07-3501-001,นักวิทยาศาสตร์,YB,ACADEMIC
ข้าราชการ,52-1-07-4101-015,เจ้าพนักงานธุรการ,YB,GENERAL
ข้าราชการ,52-1-07-4101-016,เจ้าพนักงานธุรการ,YB,GENERAL
ข้าราชการ,52-1-07-4101-017,เจ้าพนักงานธุรการ,YB,GENERAL
ข้าราชการ,52-1-07-4101-018,เจ้าพนักงานธุรการ,YB,GENERAL
ข้าราชการ,52-1-07-4301-002,เจ้าพนักงานประชาสัมพันธ์,YB,GENERAL
ข้าราชการ,52-1-08-2107-001,นักบริหารงานการศึกษา ระดับกลาง,ED,DIRECTOR
ข้าราชการ,52-1-08-2107-002,นักบริหารงานการศึกษา  ระดับต้น,ED,DIRECTOR
ข้าราชการ,52-1-08-2107-003,นักบริหารงานการศึกษา ระดับต้น,ED,DIRECTOR
ข้าราชการ,52-1-08-3101-012,นักจัดการงานทั่วไป,ED,ACADEMIC
ข้าราชการ,52-1-08-3101-013,นักจัดการงานทั่วไป,ED,ACADEMIC
ข้าราชการ,52-1-08-3101-019,นักจัดการงานทั่วไป,ED,ACADEMIC
ข้าราชการ,52-1-08-3101-020,นักจัดการงานทั่วไป,ED,ACADEMIC
ข้าราชการ,52-1-08-3106-010,นักวิชาการคอมพิวเตอร์,ED,ACADEMIC
ข้าราชการ,52-1-08-3803-001,นักวิชาการศึกษา,ED,ACADEMIC
ข้าราชการ,52-1-08-3803-002,นักวิชาการศึกษา,ED,ACADEMIC
ข้าราชการ,52-1-08-3803-003,นักวิชาการศึกษา,ED,ACADEMIC
ข้าราชการ,52-1-08-3803-004,นักวิชาการศึกษา,ED,ACADEMIC
ข้าราชการ,52-1-08-3803-005,นักวิชาการศึกษา,ED,ACADEMIC
ข้าราชการ,52-1-08-3803-006,นักวิชาการศึกษา,ED,ACADEMIC
ข้าราชการ,52-1-08-3804-001,บรรณารักษ์,ED,ACADEMIC
ข้าราชการ,52-1-08-3805-001,นักวิชาการวัฒนธรรม,ED,ACADEMIC
ข้าราชการ,52-1-08-3806-001,นักสันทนาการ,ED,ACADEMIC
ข้าราชการ,52-1-08-3811-001,ศึกษานิเทศก์,ED,ACADEMIC
ข้าราชการ,52-1-08-4101-030,เจ้าพนักงานธุรการ,ED,GENERAL
ข้าราชการ,52-1-08-4101-031,เจ้าพนักงานธุรการ,ED,GENERAL
ข้าราชการ,52-1-08-4101-087,เจ้าพนักงานธุรการ,ED,GENERAL
ข้าราชการ,52-1-12-3205-001,นักวิชาการตรวจสอบภายใน,TS,ACADEMIC
ข้าราชการ,52-1-12-3205-002,นักวิชาการตรวจสอบภายใน,TS,ACADEMIC
ข้าราชการ,52-1-12-3205-003,นักวิชาการตรวจสอบภายใน,TS,ACADEMIC
ข้าราชการ,52-1-12-3205-004,นักวิชาการตรวจสอบภายใน,TS,ACADEMIC
ข้าราชการ,52-1-12-4101-032,เจ้าพนักงานธุรการ,TS,GENERAL
ข้าราชการ,52-1-12-4101-033,เจ้าพนักงานธุรการ,TS,GENERAL
ข้าราชการ,52-1-21-2102-005,นักบริหารงานการคลัง  ระดับกลาง,PD,DIRECTOR
ข้าราชการ,52-1-21-2101-021,นักบริหารงานทั่วไป ระดับต้น,PD,DIRECTOR
ข้าราชการ,52-1-21-2102-006,นักบริหารงานการคลัง ระดับต้น,PD,DIRECTOR
ข้าราชการ,52-1-21-2102-007,นักบริหารงานการคลัง ระดับต้น,PD,DIRECTOR
ข้าราชการ,52-1-21-2102-008,นักบริหารงานการคลัง ระดับต้น,PD,DIRECTOR
ข้าราชการ,52-1-21-3101-018,นักจัดการงานทั่วไป,PD,ACADEMIC
ข้าราชการ,52-1-21-3106-018,นักวิชาการคอมพิวเตอร์,PD,ACADEMIC
ข้าราชการ,52-1-21-3204-001,นักวิชาการพัสดุ,PD,ACADEMIC
ข้าราชการ,52-1-21-3204-002,นักวิชาการพัสดุ,PD,ACADEMIC
ข้าราชการ,52-1-21-3204-003,นักวิชาการพัสดุ,PD,ACADEMIC
ข้าราชการ,52-1-21-3204-004,นักวิชาการพัสดุ,PD,ACADEMIC
ข้าราชการ,52-1-21-3204-005,นักวิชาการพัสดุ,PD,ACADEMIC
ข้าราชการ,52-1-21-4101-034,เจ้าพนักงานธุรการ,PD,GENERAL
ข้าราชการ,52-1-21-4101-035,เจ้าพนักงานธุรการ,PD,GENERAL
ข้าราชการ,52-1-21-4101-044,เจ้าพนักงานธุรการ,PD,GENERAL
ข้าราชการ,52-1-21-4203-001,เจ้าพนักงานพัสดุ,PD,GENERAL
ข้าราชการ,52-1-21-4203-002,เจ้าพนักงานพัสดุ,PD,GENERAL
ข้าราชการ,52-1-21-4203-003,เจ้าพนักงานพัสดุ,PD,GENERAL
ข้าราชการ,52-1-21-4203-004,เจ้าพนักงานพัสดุ,PD,GENERAL
ข้าราชการ,52-1-21-4203-005,เจ้าพนักงานพัสดุ,PD,GENERAL
ข้าราชการ,52-1-21-4203-006,เจ้าพนักงานพัสดุ,PD,GENERAL
ข้าราชการ,52-1-21-4203-007,เจ้าพนักงานพัสดุ,PD,GENERAL
ข้าราชการ,52-1-21-4203-008,เจ้าพนักงานพัสดุ,PD,GENERAL
ข้าราชการ,52-1-21-4203-009,เจ้าพนักงานพัสดุ,PD,GENERAL
ข้าราชการ,52-1-21-4203-010,เจ้าพนักงานพัสดุ,PD,GENERAL
ข้าราชการ,52-1-29-2101-016,นักบริหารงานทั่วไป ระดับกลาง,PS,DIRECTOR
ข้าราชการ,52-1-29-2101-003,นักบริหารงานทั่วไป ระดับต้น,PS,DIRECTOR
ข้าราชการ,52-1-29-2101-017,นักบริหารงานทั่วไป ระดับต้น,PS,DIRECTOR
ข้าราชการ,52-1-29-2101-018,นักบริหารงานทั่วไป ระดับต้น,PS,DIRECTOR
ข้าราชการ,52-1-29-2101-025,นักบริหารงานทั่วไป ระดับต้น,PS,DIRECTOR
ข้าราชการ,52-1-29-3101-001,นักจัดการงานทั่วไป,PS,ACADEMIC
ข้าราชการ,52-1-29-3101-014,นักจัดการงานทั่วไป,PS,ACADEMIC
ข้าราชการ,52-1-29-3101-015,นักจัดการงานทั่วไป,PS,ACADEMIC
ข้าราชการ,52-1-29-3102-001,นักทรัพยากรบุคคล,PS,ACADEMIC
ข้าราชการ,52-1-29-3102-002,นักทรัพยากรบุคคล,PS,ACADEMIC
ข้าราชการ,52-1-29-3102-003,นักทรัพยากรบุคคล,PS,ACADEMIC
ข้าราชการ,52-1-29-3102-004,นักทรัพยากรบุคคล,PS,ACADEMIC
ข้าราชการ,52-1-29-3102-005,นักทรัพยากรบุคคล,PS,ACADEMIC
ข้าราชการ,52-1-29-3102-006,นักทรัพยากรบุคคล,PS,ACADEMIC
ข้าราชการ,52-1-29-3102-007,นักทรัพยากรบุคคล,PS,ACADEMIC
ข้าราชการ,52-1-29-3102-008,นักทรัพยากรบุคคล,PS,ACADEMIC
ข้าราชการ,52-1-29-3102-009,นักทรัพยากรบุคคล,PS,ACADEMIC
ข้าราชการ,52-1-29-3102-010,นักทรัพยากรบุคคล,PS,ACADEMIC
ข้าราชการ,52-1-29-3102-011,นักทรัพยากรบุคคล,PS,ACADEMIC
ข้าราชการ,52-1-29-3102-012,นักทรัพยากรบุคคล,PS,ACADEMIC
ข้าราชการ,52-1-29-3102-013,นักทรัพยากรบุคคล,PS,ACADEMIC
ข้าราชการ,52-1-29-3102-014,นักทรัพยากรบุคคล,PS,ACADEMIC
ข้าราชการ,52-1-29-3105-005,นิติกร,PS,ACADEMIC
ข้าราชการ,52-1-29-3105-006,นิติกร,PS,ACADEMIC
ข้าราชการ,52-1-29-3106-013,นักวิชาการคอมพิวเตอร์,PS,ACADEMIC
ข้าราชการ,52-1-29-3106-019,นักวิชาการคอมพิวเตอร์,PS,ACADEMIC
ข้าราชการ,52-1-29-4101-009,เจ้าพนักงานธุรการ,PS,GENERAL
ข้าราชการ,52-1-29-4101-039,เจ้าพนักงานธุรการ,PS,GENERAL
ข้าราชการ,52-1-29-4101-040,เจ้าพนักงานธุรการ,PS,GENERAL
ข้าราชการ,52-1-29-4101-048,เจ้าพนักงานธุรการ,PS,GENERAL
ข้าราชการ,52-1-08-5500-001,ผู้อำนวยการสถานศึกษา,ED,SCHOOL_DIRECTOR
ข้าราชการ,52-1-08-5500-002,รองผู้อำนวยการสถานศึกษา,ED,SCHOOL_DEPUTY_DIRECTOR
ข้าราชการ,52-1-08-6500-002,ครูชำนาญการ,ED,ACADEMIC
ข้าราชการ,52-1-08-6500-003,ครู,ED,ACADEMIC
ข้าราชการ,52-1-08-6500-004,ครูผู้ช่วย ปฐมวัย,ED,ACADEMIC
ข้าราชการ,52-1-08-6500-005,ครูชำนาญการพิเศษ,ED,ACADEMIC
ข้าราชการ,52-1-08-6500-006,ครู,ED,ACADEMIC
ข้าราชการ,52-1-08-6500-007,ครูชำนาญการพิเศษ,ED,ACADEMIC
ข้าราชการ,52-1-08-6500-008,ครูชำนาญการพิเศษ,ED,ACADEMIC
ข้าราชการ,52-1-08-6500-009,ครูชำนาญการพิเศษ,ED,ACADEMIC
ข้าราชการ,52-1-08-6500-010,ครูผู้ช่วย ภาษาไทย,ED,ACADEMIC
ข้าราชการ,52-1-08-6500-011,ครูชำนาญการพิเศษ,ED,ACADEMIC
ข้าราชการ,52-1-08-6500-012,ครูผู้ช่วย ปฐมวัย,ED,ACADEMIC
ข้าราชการ,52-1-08-6500-013,ครูผู้ช่วย ปฐมวัย,ED,ACADEMIC
ข้าราชการ,52-1-08-6500-014,ครูชำนาญการ,ED,ACADEMIC
ข้าราชการ,52-1-08-6500-015,ครูชำนาญการพิเศษ,ED,ACADEMIC
ขรก.ถ่ายโอน รพ.สต.,52-1-06-4601-005 (ถ),เจ้าพนักงานสาธารณสุข,SS,GENERAL
ขรก.ถ่ายโอน รพ.สต.,52-1-06-3601-007 (ถ),นักวิชาการสาธารณสุข,SS,ACADEMIC
ขรก.ถ่ายโอน รพ.สต.,52-1-06-3601-008 (ถ),นักวิชาการสาธารณสุข,SS,ACADEMIC
ขรก.ถ่ายโอน รพ.สต.,52-1-06-3601-010 (ถ),นักวิชาการสาธารณสุข,SS,ACADEMIC
ขรก.ถ่ายโอน รพ.สต.,52-1-06-3602-008 (ถ),พยาบาลวิชาชีพ,SS,ACADEMIC
ขรก.ถ่ายโอน รพ.สต.,52-1-06-3602-009 (ถ),พยาบาลวิชาชีพ,SS,ACADEMIC
ขรก.ถ่ายโอน รพ.สต.,52-1-06-3602-010 (ถ),พยาบาลวิชาชีพ,SS,ACADEMIC
ขรก.ถ่ายโอน รพ.สต.,52-1-06-3605-004 (ถ),แพทย์แผนไทย,SS,ACADEMIC
ขรก.ถ่ายโอน รพ.สต.,52-1-06-4101-050 (ถ),เจ้าพนักงานธุรการ,SS,GENERAL
ขรก.ถ่ายโอน รพ.สต.,52-1-06-4201-033 (ถ),เจ้าพนักงานการเงินและบัญชี,SS,GENERAL
ขรก.ถ่ายโอน รพ.สต.,52-1-06-4601-006 (ถ),เจ้าพนักงานสาธารณสุข,SS,GENERAL
ขรก.ถ่ายโอน รพ.สต.,52-1-06-4609-009 (ถ),เจ้าพนักงานทันตสาธารณสุข,SS,GENERAL
ขรก.ถ่ายโอน รพ.สต.,52-1-06-3602-203 (ถ),พยาบาลวิชาชีพ,SS,ACADEMIC
ขรก.ถ่ายโอน รพ.สต.,52-1-06-3601-011 (ถ),นักวิชาการสาธารณสุข,SS,ACADEMIC
ขรก.ถ่ายโอน รพ.สต.,52-1-06-3601-012 (ถ),นักวิชาการสาธารณสุข,SS,ACADEMIC
ขรก.ถ่ายโอน รพ.สต.,52-1-06-3601-014 (ถ),นักวิชาการสาธารณสุข,SS,ACADEMIC
ขรก.ถ่ายโอน รพ.สต.,52-1-06-3602-011 (ถ),พยาบาลวิชาชีพ,SS,ACADEMIC
ขรก.ถ่ายโอน รพ.สต.,52-1-06-3602-012 (ถ),พยาบาลวิชาชีพ,SS,ACADEMIC
ขรก.ถ่ายโอน รพ.สต.,52-1-06-3602-013 (ถ),พยาบาลวิชาชีพ,SS,ACADEMIC
ขรก.ถ่ายโอน รพ.สต.,52-1-06-3605-005 (ถ),แพทย์แผนไทย,SS,ACADEMIC
ขรก.ถ่ายโอน รพ.สต.,52-1-06-4101-051 (ถ),เจ้าพนักงานธุรการ,SS,GENERAL
ขรก.ถ่ายโอน รพ.สต.,52-1-06-4201-034 (ถ),เจ้าพนักงานการเงินและบัญชี,SS,GENERAL
ขรก.ถ่ายโอน รพ.สต.,52-1-06-4601-008 (ถ),เจ้าพนักงานสาธารณสุข,SS,GENERAL
ขรก.ถ่ายโอน รพ.สต.,52-1-06-4609-010 (ถ),เจ้าพนักงานทันตสาธารณสุข,SS,GENERAL
ขรก.ถ่ายโอน รพ.สต.,52-1-06-3601-015 (ถ),นักวิชาการสาธารณสุข,SS,ACADEMIC
ขรก.ถ่ายโอน รพ.สต.,52-1-06-3601-016 (ถ),นักวิชาการสาธารณสุข,SS,ACADEMIC
ขรก.ถ่ายโอน รพ.สต.,52-1-06-3601-017 (ถ),นักวิชาการสาธารณสุข,SS,ACADEMIC
ขรก.ถ่ายโอน รพ.สต.,52-1-06-3601-018 (ถ),นักวิชาการสาธารณสุข,SS,ACADEMIC
ขรก.ถ่ายโอน รพ.สต.,52-1-06-3602-014 (ถ),พยาบาลวิชาชีพ,SS,ACADEMIC
ขรก.ถ่ายโอน รพ.สต.,52-1-06-3602-015 (ถ),พยาบาลวิชาชีพ,SS,ACADEMIC
ขรก.ถ่ายโอน รพ.สต.,52-1-06-4201-035 (ถ),เจ้าพนักงานการเงินและบัญชี,SS,GENERAL
ขรก.ถ่ายโอน รพ.สต.,52-1-06-3601-019 (ถ),นักวิชาการสาธารณสุข,SS,ACADEMIC
ขรก.ถ่ายโอน รพ.สต.,52-1-06-3601-020 (ถ),นักวิชาการสาธารณสุข,SS,ACADEMIC
ขรก.ถ่ายโอน รพ.สต.,52-1-06-3601-021 (ถ),นักวิชาการสาธารณสุข,SS,ACADEMIC
ขรก.ถ่ายโอน รพ.สต.,52-1-06-3601-022 (ถ),นักวิชาการสาธารณสุข,SS,ACADEMIC
ขรก.ถ่ายโอน รพ.สต.,52-1-06-3601-023 (ถ),นักวิชาการสาธารณสุข,SS,ACADEMIC
ขรก.ถ่ายโอน รพ.สต.,52-1-06-3602-016 (ถ),พยาบาลวิชาชีพ,SS,ACADEMIC
ขรก.ถ่ายโอน รพ.สต.,52-1-06-3602-017 (ถ),พยาบาลวิชาชีพ,SS,ACADEMIC
ขรก.ถ่ายโอน รพ.สต.,52-1-06-3602-018 (ถ),พยาบาลวิชาชีพ,SS,ACADEMIC
ขรก.ถ่ายโอน รพ.สต.,52-1-06-3605-006 (ถ),แพทย์แผนไทย,SS,ACADEMIC
ขรก.ถ่ายโอน รพ.สต.,52-1-06-4101-052 (ถ),เจ้าพนักงานธุรการ,SS,GENERAL
ขรก.ถ่ายโอน รพ.สต.,52-1-06-4201-036 (ถ),เจ้าพนักงานการเงินและบัญชี,SS,GENERAL
ขรก.ถ่ายโอน รพ.สต.,52-1-06-4601-009 (ถ),เจ้าพนักงานสาธารณสุข,SS,GENERAL
ขรก.ถ่ายโอน รพ.สต.,52-1-06-3602-019 (ถ),พยาบาลวิชาชีพ,SS,ACADEMIC
ขรก.ถ่ายโอน รพ.สต.,52-1-06-3601-024 (ถ),นักวิชาการสาธารณสุข,SS,ACADEMIC
ขรก.ถ่ายโอน รพ.สต.,52-1-06-3601-025 (ถ),นักวิชาการสาธารณสุข,SS,ACADEMIC
ขรก.ถ่ายโอน รพ.สต.,52-1-06-3601-026 (ถ),นักวิชาการสาธารณสุข,SS,ACADEMIC
ขรก.ถ่ายโอน รพ.สต.,52-1-06-3602-020 (ถ),พยาบาลวิชาชีพ,SS,ACADEMIC
ขรก.ถ่ายโอน รพ.สต.,52-1-06-3602-021 (ถ),พยาบาลวิชาชีพ,SS,ACADEMIC
ขรก.ถ่ายโอน รพ.สต.,52-1-06-4201-037 (ถ),เจ้าพนักงานการเงินและบัญชี,SS,GENERAL
ขรก.ถ่ายโอน รพ.สต.,52-1-06-3601-027 (ถ),นักวิชาการสาธารณสุข,SS,ACADEMIC
ขรก.ถ่ายโอน รพ.สต.,52-1-06-3601-028 (ถ),นักวิชาการสาธารณสุข,SS,ACADEMIC
ขรก.ถ่ายโอน รพ.สต.,52-1-06-3601-029 (ถ),นักวิชาการสาธารณสุข,SS,ACADEMIC
ขรก.ถ่ายโอน รพ.สต.,52-1-06-3601-031 (ถ),นักวิชาการสาธารณสุข,SS,ACADEMIC
ขรก.ถ่ายโอน รพ.สต.,52-1-06-3602-022 (ถ),พยาบาลวิชาชีพ,SS,ACADEMIC
ขรก.ถ่ายโอน รพ.สต.,52-1-06-3602-023 (ถ),พยาบาลวิชาชีพ,SS,ACADEMIC
ขรก.ถ่ายโอน รพ.สต.,52-1-06-3602-024 (ถ),พยาบาลวิชาชีพ,SS,ACADEMIC
ขรก.ถ่ายโอน รพ.สต.,52-1-06-3605-007 (ถ),แพทย์แผนไทย,SS,ACADEMIC
ขรก.ถ่ายโอน รพ.สต.,52-1-06-4101-053 (ถ),เจ้าพนักงานธุรการ,SS,GENERAL
ขรก.ถ่ายโอน รพ.สต.,52-1-06-4201-038 (ถ),เจ้าพนักงานการเงินและบัญชี,SS,GENERAL
ขรก.ถ่ายโอน รพ.สต.,52-1-06-4601-010 (ถ),เจ้าพนักงานสาธารณสุข,SS,GENERAL
ขรก.ถ่ายโอน รพ.สต.,52-1-06-4609-011 (ถ),เจ้าพนักงานทันตสาธารณสุข,SS,GENERAL
ขรก.ถ่ายโอน รพ.สต.,52-1-06-3601-032 (ถ),นักวิชาการสาธารณสุข,SS,ACADEMIC
ขรก.ถ่ายโอน รพ.สต.,52-1-06-3601-033 (ถ),นักวิชาการสาธารณสุข,SS,ACADEMIC
ขรก.ถ่ายโอน รพ.สต.,52-1-06-3601-034 (ถ),นักวิชาการสาธารณสุข,SS,ACADEMIC
ขรก.ถ่ายโอน รพ.สต.,52-1-06-3601-035 (ถ),นักวิชาการสาธารณสุข,SS,ACADEMIC
ขรก.ถ่ายโอน รพ.สต.,52-1-06-3602-025 (ถ),พยาบาลวิชาชีพ,SS,ACADEMIC
ขรก.ถ่ายโอน รพ.สต.,52-1-06-3602-026 (ถ),พยาบาลวิชาชีพ,SS,ACADEMIC
ขรก.ถ่ายโอน รพ.สต.,52-1-06-4201-039 (ถ),เจ้าพนักงานการเงินและบัญชี,SS,GENERAL
ขรก.ถ่ายโอน รพ.สต.,52-1-06-3601-036 (ถ),นักวิชาการสาธารณสุข,SS,ACADEMIC
ขรก.ถ่ายโอน รพ.สต.,52-1-06-3601-037 (ถ),นักวิชาการสาธารณสุข,SS,ACADEMIC
ขรก.ถ่ายโอน รพ.สต.,52-1-06-3601-038 (ถ),นักวิชาการสาธารณสุข,SS,ACADEMIC
ขรก.ถ่ายโอน รพ.สต.,52-1-06-3601-039 (ถ),นักวิชาการสาธารณสุข,SS,ACADEMIC
ขรก.ถ่ายโอน รพ.สต.,52-1-06-3602-027 (ถ),พยาบาลวิชาชีพ,SS,ACADEMIC
ขรก.ถ่ายโอน รพ.สต.,52-1-06-3602-028 (ถ),พยาบาลวิชาชีพ,SS,ACADEMIC
ขรก.ถ่ายโอน รพ.สต.,52-1-06-4201-040 (ถ),เจ้าพนักงานการเงินและบัญชี,SS,GENERAL
ขรก.ถ่ายโอน รพ.สต.,52-1-06-3601-040 (ถ),นักวิชาการสาธารณสุข,SS,ACADEMIC
ขรก.ถ่ายโอน รพ.สต.,52-1-06-3601-041 (ถ),นักวิชาการสาธารณสุข,SS,ACADEMIC
ขรก.ถ่ายโอน รพ.สต.,52-1-06-3601-042 (ถ),นักวิชาการสาธารณสุข,SS,ACADEMIC
ขรก.ถ่ายโอน รพ.สต.,52-1-06-3601-043 (ถ),นักวิชาการสาธารณสุข,SS,ACADEMIC
ขรก.ถ่ายโอน รพ.สต.,52-1-06-3601-044 (ถ),นักวิชาการสาธารณสุข,SS,ACADEMIC
ขรก.ถ่ายโอน รพ.สต.,52-1-06-3602-029 (ถ),พยาบาลวิชาชีพ,SS,ACADEMIC
ขรก.ถ่ายโอน รพ.สต.,52-1-06-3602-030 (ถ),พยาบาลวิชาชีพ,SS,ACADEMIC
ขรก.ถ่ายโอน รพ.สต.,52-1-06-3602-031 (ถ),พยาบาลวิชาชีพ,SS,ACADEMIC
ขรก.ถ่ายโอน รพ.สต.,52-1-06-3605-008 (ถ),แพทย์แผนไทย,SS,ACADEMIC
ขรก.ถ่ายโอน รพ.สต.,52-1-06-4101-054 (ถ),เจ้าพนักงานธุรการ,SS,GENERAL
ขรก.ถ่ายโอน รพ.สต.,52-1-06-4201-041 (ถ),เจ้าพนักงานการเงินและบัญชี,SS,GENERAL
ขรก.ถ่ายโอน รพ.สต.,52-1-06-4601-011 (ถ),เจ้าพนักงานสาธารณสุข,SS,GENERAL
ขรก.ถ่ายโอน รพ.สต.,52-1-06-3601-045 (ถ),นักวิชาการสาธารณสุข,SS,ACADEMIC
ขรก.ถ่ายโอน รพ.สต.,52-1-06-3601-046 (ถ),นักวิชาการสาธารณสุข,SS,ACADEMIC
ขรก.ถ่ายโอน รพ.สต.,52-1-06-3601-047 (ถ),นักวิชาการสาธารณสุข,SS,ACADEMIC
ขรก.ถ่ายโอน รพ.สต.,52-1-06-3601-048 (ถ),นักวิชาการสาธารณสุข,SS,ACADEMIC
ขรก.ถ่ายโอน รพ.สต.,52-1-06-3602-032 (ถ),พยาบาลวิชาชีพ,SS,ACADEMIC
ขรก.ถ่ายโอน รพ.สต.,52-1-06-3602-033 (ถ),พยาบาลวิชาชีพ,SS,ACADEMIC
ขรก.ถ่ายโอน รพ.สต.,52-1-06-4201-042 (ถ),เจ้าพนักงานการเงินและบัญชี,SS,GENERAL
ขรก.ถ่ายโอน รพ.สต.,52-1-06-3601-049 (ถ),นักวิชาการสาธารณสุข,SS,ACADEMIC
ขรก.ถ่ายโอน รพ.สต.,52-1-06-3601-050 (ถ),นักวิชาการสาธารณสุข,SS,ACADEMIC
ขรก.ถ่ายโอน รพ.สต.,52-1-06-3601-051 (ถ),นักวิชาการสาธารณสุข,SS,ACADEMIC
ขรก.ถ่ายโอน รพ.สต.,52-1-06-3602-034 (ถ),พยาบาลวิชาชีพ,SS,ACADEMIC
ขรก.ถ่ายโอน รพ.สต.,52-1-06-3602-035 (ถ),พยาบาลวิชาชีพ,SS,ACADEMIC
ขรก.ถ่ายโอน รพ.สต.,52-1-06-3602-036 (ถ),พยาบาลวิชาชีพ,SS,ACADEMIC
ขรก.ถ่ายโอน รพ.สต.,52-1-06-3605-009 (ถ),แพทย์แผนไทย,SS,ACADEMIC
ขรก.ถ่ายโอน รพ.สต.,52-1-06-4101-055 (ถ),เจ้าพนักงานธุรการ,SS,GENERAL
ขรก.ถ่ายโอน รพ.สต.,52-1-06-4201-043 (ถ),เจ้าพนักงานการเงินและบัญชี,SS,GENERAL
ขรก.ถ่ายโอน รพ.สต.,52-1-06-4601-012 (ถ),เจ้าพนักงานสาธารณสุข,SS,GENERAL
ขรก.ถ่ายโอน รพ.สต.,52-1-06-4601-013 (ถ),เจ้าพนักงานสาธารณสุข,SS,GENERAL
ขรก.ถ่ายโอน รพ.สต.,52-1-06-4609-001 (ถ),เจ้าพนักงานทันตสาธารณสุข,SS,GENERAL
ขรก.ถ่ายโอน รพ.สต.,52-1-06-3601-052 (ถ),นักวิชาการสาธารณสุข,SS,ACADEMIC
ขรก.ถ่ายโอน รพ.สต.,52-1-06-3601-053 (ถ),นักวิชาการสาธารณสุข,SS,ACADEMIC
ขรก.ถ่ายโอน รพ.สต.,52-1-06-3601-054 (ถ),นักวิชาการสาธารณสุข,SS,ACADEMIC
ขรก.ถ่ายโอน รพ.สต.,52-1-06-3601-055 (ถ),นักวิชาการสาธารณสุข,SS,ACADEMIC
ขรก.ถ่ายโอน รพ.สต.,52-1-06-3601-056 (ถ),นักวิชาการสาธารณสุข,SS,ACADEMIC
ขรก.ถ่ายโอน รพ.สต.,52-1-06-3602-037 (ถ),พยาบาลวิชาชีพ,SS,ACADEMIC
ขรก.ถ่ายโอน รพ.สต.,52-1-06-3602-038 (ถ),พยาบาลวิชาชีพ,SS,ACADEMIC
ขรก.ถ่ายโอน รพ.สต.,52-1-06-3602-039 (ถ),พยาบาลวิชาชีพ,SS,ACADEMIC
ขรก.ถ่ายโอน รพ.สต.,52-1-06-3605-010 (ถ),แพทย์แผนไทย,SS,ACADEMIC
ขรก.ถ่ายโอน รพ.สต.,52-1-06-4101-056 (ถ),เจ้าพนักงานธุรการ,SS,GENERAL
ขรก.ถ่ายโอน รพ.สต.,52-1-06-4201-044 (ถ),เจ้าพนักงานการเงินและบัญชี,SS,GENERAL
ขรก.ถ่ายโอน รพ.สต.,52-1-06-4601-014 (ถ),เจ้าพนักงานสาธารณสุข,SS,GENERAL
ขรก.ถ่ายโอน รพ.สต.,52-1-06-3601-057 (ถ),นักวิชาการสาธารณสุข,SS,ACADEMIC
ขรก.ถ่ายโอน รพ.สต.,52-1-06-3601-058 (ถ),นักวิชาการสาธารณสุข,SS,ACADEMIC
ขรก.ถ่ายโอน รพ.สต.,52-1-06-3601-059 (ถ),นักวิชาการสาธารณสุข,SS,ACADEMIC
ขรก.ถ่ายโอน รพ.สต.,52-1-06-3601-060 (ถ),นักวิชาการสาธารณสุข,SS,ACADEMIC
ขรก.ถ่ายโอน รพ.สต.,52-1-06-3602-040 (ถ),พยาบาลวิชาชีพ,SS,ACADEMIC
ขรก.ถ่ายโอน รพ.สต.,52-1-06-3602-041 (ถ),พยาบาลวิชาชีพ,SS,ACADEMIC
ขรก.ถ่ายโอน รพ.สต.,52-1-06-4201-045 (ถ),เจ้าพนักงานการเงินและบัญชี,SS,GENERAL
ขรก.ถ่ายโอน รพ.สต.,52-1-06-3602-042 (ถ),พยาบาลวิชาชีพ,SS,ACADEMIC
ขรก.ถ่ายโอน รพ.สต.,52-1-06-3601-061 (ถ),นักวิชาการสาธารณสุข,SS,ACADEMIC
ขรก.ถ่ายโอน รพ.สต.,52-1-06-3601-062 (ถ),นักวิชาการสาธารณสุข,SS,ACADEMIC
ขรก.ถ่ายโอน รพ.สต.,52-1-06-3601-063 (ถ),นักวิชาการสาธารณสุข,SS,ACADEMIC
ขรก.ถ่ายโอน รพ.สต.,52-1-06-3602-043 (ถ),พยาบาลวิชาชีพ,SS,ACADEMIC
ขรก.ถ่ายโอน รพ.สต.,52-1-06-3602-044 (ถ),พยาบาลวิชาชีพ,SS,ACADEMIC
ขรก.ถ่ายโอน รพ.สต.,52-1-06-4201-046 (ถ),เจ้าพนักงานการเงินและบัญชี,SS,GENERAL
ขรก.ถ่ายโอน รพ.สต.,52-1-06-3601-064 (ถ),นักวิชาการสาธารณสุข,SS,ACADEMIC
ขรก.ถ่ายโอน รพ.สต.,52-1-06-3602-045 (ถ),พยาบาลวิชาชีพ,SS,ACADEMIC
ขรก.ถ่ายโอน รพ.สต.,52-1-06-3602-046 (ถ),พยาบาลวิชาชีพ,SS,ACADEMIC
ขรก.ถ่ายโอน รพ.สต.,52-1-06-3602-047 (ถ),พยาบาลวิชาชีพ,SS,ACADEMIC
ขรก.ถ่ายโอน รพ.สต.,52-1-06-3601-065 (ถ),นักวิชาการสาธารณสุข,SS,ACADEMIC
ขรก.ถ่ายโอน รพ.สต.,52-1-06-3601-066 (ถ),นักวิชาการสาธารณสุข,SS,ACADEMIC
ขรก.ถ่ายโอน รพ.สต.,52-1-06-3601-067 (ถ),นักวิชาการสาธารณสุข,SS,ACADEMIC
ขรก.ถ่ายโอน รพ.สต.,52-1-06-3605-011 (ถ),แพทย์แผนไทย,SS,ACADEMIC
ขรก.ถ่ายโอน รพ.สต.,52-1-06-4601-015 (ถ),เจ้าพนักงานสาธารณสุข,SS,GENERAL
ขรก.ถ่ายโอน รพ.สต.,52-1-06-4609-002 (ถ),เจ้าพนักงานทันตสาธารณสุข,SS,GENERAL
ขรก.ถ่ายโอน รพ.สต.,52-1-06-4201-047 (ถ),เจ้าพนักงานการเงินและบัญชี,SS,GENERAL
ขรก.ถ่ายโอน รพ.สต.,52-1-06-4101-057 (ถ),เจ้าพนักงานธุรการ,SS,GENERAL
ขรก.ถ่ายโอน รพ.สต.,52-1-06-3601-068 (ถ),นักวิชาการสาธารณสุข,SS,ACADEMIC
ขรก.ถ่ายโอน รพ.สต.,52-1-06-3601-069 (ถ),นักวิชาการสาธารณสุข,SS,ACADEMIC
ขรก.ถ่ายโอน รพ.สต.,52-1-06-3601-070 (ถ),นักวิชาการสาธารณสุข,SS,ACADEMIC
ขรก.ถ่ายโอน รพ.สต.,52-1-06-3601-071 (ถ),นักวิชาการสาธารณสุข,SS,ACADEMIC
ขรก.ถ่ายโอน รพ.สต.,52-1-06-3602-048 (ถ),พยาบาลวิชาชีพ,SS,ACADEMIC
ขรก.ถ่ายโอน รพ.สต.,52-1-06-3602-049 (ถ),พยาบาลวิชาชีพ,SS,ACADEMIC
ขรก.ถ่ายโอน รพ.สต.,52-1-06-4201-048  (ถ),เจ้าพนักงานการเงินและบัญชี,SS,GENERAL
ขรก.ถ่ายโอน รพ.สต.,52-1-06-3601-072 (ถ),นักวิชาการสาธารณสุข,SS,ACADEMIC
ขรก.ถ่ายโอน รพ.สต.,52-1-06-3601-073 (ถ),นักวิชาการสาธารณสุข,SS,ACADEMIC
ขรก.ถ่ายโอน รพ.สต.,52-1-06-3601-074 (ถ),นักวิชาการสาธารณสุข,SS,ACADEMIC
ขรก.ถ่ายโอน รพ.สต.,52-1-06-3601-075 (ถ),นักวิชาการสาธารณสุข,SS,ACADEMIC
ขรก.ถ่ายโอน รพ.สต.,52-1-06-3602-050 (ถ),พยาบาลวิชาชีพ,SS,ACADEMIC
ขรก.ถ่ายโอน รพ.สต.,52-1-06-3602-051 (ถ),พยาบาลวิชาชีพ,SS,ACADEMIC
ขรก.ถ่ายโอน รพ.สต.,52-1-06-4201-049 (ถ),เจ้าพนักงานการเงินและบัญชี,SS,GENERAL
ขรก.ถ่ายโอน รพ.สต.,52-1-06-3601-076 (ถ),นักวิชาการสาธารณสุข,SS,ACADEMIC
ขรก.ถ่ายโอน รพ.สต.,52-1-06-3601-077 (ถ),นักวิชาการสาธารณสุข,SS,ACADEMIC
ขรก.ถ่ายโอน รพ.สต.,52-1-06-3601-078 (ถ),นักวิชาการสาธารณสุข,SS,ACADEMIC
ขรก.ถ่ายโอน รพ.สต.,52-1-06-3601-079 (ถ),นักวิชาการสาธารณสุข,SS,ACADEMIC
ขรก.ถ่ายโอน รพ.สต.,52-1-06-3601-080 (ถ),นักวิชาการสาธารณสุข,SS,ACADEMIC
ขรก.ถ่ายโอน รพ.สต.,52-1-06-3602-052 (ถ),พยาบาลวิชาชีพ,SS,ACADEMIC
ขรก.ถ่ายโอน รพ.สต.,52-1-06-3602-053 (ถ),พยาบาลวิชาชีพ,SS,ACADEMIC
ขรก.ถ่ายโอน รพ.สต.,52-1-06-3602-054 (ถ),พยาบาลวิชาชีพ,SS,ACADEMIC
ขรก.ถ่ายโอน รพ.สต.,52-1-06-3605-012 (ถ),แพทย์แผนไทย,SS,ACADEMIC
ขรก.ถ่ายโอน รพ.สต.,52-1-06-4101-058 (ถ),เจ้าพนักงานธุรการ,SS,GENERAL
ขรก.ถ่ายโอน รพ.สต.,52-1-06-4201-050 (ถ),เจ้าพนักงานการเงินและบัญชี,SS,GENERAL
ขรก.ถ่ายโอน รพ.สต.,52-1-06-4601-016 (ถ),เจ้าพนักงานสาธารณสุข,SS,GENERAL
ขรก.ถ่ายโอน รพ.สต.,52-1-06-3601-081 (ถ),นักวิชาการสาธารณสุข,SS,ACADEMIC
ขรก.ถ่ายโอน รพ.สต.,52-1-06-3601-082 (ถ),นักวิชาการสาธารณสุข,SS,ACADEMIC
ขรก.ถ่ายโอน รพ.สต.,52-1-06-3601-083 (ถ),นักวิชาการสาธารณสุข,SS,ACADEMIC
ขรก.ถ่ายโอน รพ.สต.,52-1-06-3601-084 (ถ),นักวิชาการสาธารณสุข,SS,ACADEMIC
ขรก.ถ่ายโอน รพ.สต.,52-1-06-3602-055 (ถ),พยาบาลวิชาชีพ,SS,ACADEMIC
ขรก.ถ่ายโอน รพ.สต.,52-1-06-3602-056 (ถ),พยาบาลวิชาชีพ,SS,ACADEMIC
ขรก.ถ่ายโอน รพ.สต.,52-1-06-4201-051 (ถ),เจ้าพนักงานการเงินและบัญชี,SS,GENERAL
ขรก.ถ่ายโอน รพ.สต.,52-1-06-3601-085 (ถ),นักวิชาการสาธารณสุข,SS,ACADEMIC
ขรก.ถ่ายโอน รพ.สต.,52-1-06-3601-086 (ถ),นักวิชาการสาธารณสุข,SS,ACADEMIC
ขรก.ถ่ายโอน รพ.สต.,52-1-06-3601-087 (ถ),นักวิชาการสาธารณสุข,SS,ACADEMIC
ขรก.ถ่ายโอน รพ.สต.,52-1-06-3601-088 (ถ),นักวิชาการสาธารณสุข,SS,ACADEMIC
ขรก.ถ่ายโอน รพ.สต.,52-1-06-3601-089 (ถ),นักวิชาการสาธารณสุข,SS,ACADEMIC
ขรก.ถ่ายโอน รพ.สต.,52-1-06-3602-057 (ถ),พยาบาลวิชาชีพ,SS,ACADEMIC
ขรก.ถ่ายโอน รพ.สต.,52-1-06-3602-058 (ถ),พยาบาลวิชาชีพ,SS,ACADEMIC
ขรก.ถ่ายโอน รพ.สต.,52-1-06-3602-059 (ถ),พยาบาลวิชาชีพ,SS,ACADEMIC
ขรก.ถ่ายโอน รพ.สต.,52-1-06-3605-013 (ถ),แพทย์แผนไทย,SS,ACADEMIC
ขรก.ถ่ายโอน รพ.สต.,52-1-06-4101-059 (ถ),เจ้าพนักงานธุรการ,SS,GENERAL
ขรก.ถ่ายโอน รพ.สต.,52-1-06-4201-052 (ถ),เจ้าพนักงานการเงินและบัญชี,SS,GENERAL
ขรก.ถ่ายโอน รพ.สต.,52-1-06-4601-017 (ถ),เจ้าพนักงานสาธารณสุข,SS,GENERAL
ขรก.ถ่ายโอน รพ.สต.,52-1-06-3601-090 (ถ),นักวิชาการสาธารณสุข,SS,ACADEMIC
ขรก.ถ่ายโอน รพ.สต.,52-1-06-3602-060 (ถ),พยาบาลวิชาชีพ,SS,ACADEMIC
ขรก.ถ่ายโอน รพ.สต.,52-1-06-3602-061 (ถ),พยาบาลวิชาชีพ,SS,ACADEMIC
ขรก.ถ่ายโอน รพ.สต.,52-1-06-3602-062 (ถ),พยาบาลวิชาชีพ,SS,ACADEMIC
ขรก.ถ่ายโอน รพ.สต.,52-1-06-3601-091 (ถ),นักวิชาการสาธารณสุข,SS,ACADEMIC
ขรก.ถ่ายโอน รพ.สต.,52-1-06-3601-093 (ถ),นักวิชาการสาธารณสุข,SS,ACADEMIC
ขรก.ถ่ายโอน รพ.สต.,52-1-06-3605-014 (ถ),แพทย์แผนไทย,SS,ACADEMIC
ขรก.ถ่ายโอน รพ.สต.,52-1-06-4201-053 (ถ),เจ้าพนักงานการเงินและบัญชี,SS,GENERAL
ขรก.ถ่ายโอน รพ.สต.,52-1-06-4101-060 (ถ),เจ้าพนักงานธุรการ,SS,GENERAL
ขรก.ถ่ายโอน รพ.สต.,52-1-06-4601-018 (ถ),เจ้าพนักงานสาธารณสุข,SS,GENERAL
ขรก.ถ่ายโอน รพ.สต.,52-1-06-4601-019 (ถ),เจ้าพนักงานสาธารณสุข,SS,GENERAL
ขรก.ถ่ายโอน รพ.สต.,52-1-06-4609-012 (ถ),เจ้าพนักงานทันตสาธารณสุข,SS,GENERAL
ขรก.ถ่ายโอน รพ.สต.,52-1-06-3602-063 (ถ),พยาบาลวิชาชีพ,SS,ACADEMIC
ขรก.ถ่ายโอน รพ.สต.,52-1-06-3601-094 (ถ),นักวิชาการสาธารณสุข,SS,ACADEMIC
ขรก.ถ่ายโอน รพ.สต.,52-1-06-3601-095 (ถ),นักวิชาการสาธารณสุข,SS,ACADEMIC
ขรก.ถ่ายโอน รพ.สต.,52-1-06-3601-096 (ถ),นักวิชาการสาธารณสุข,SS,ACADEMIC
ขรก.ถ่ายโอน รพ.สต.,52-1-06-3602-064 (ถ),พยาบาลวิชาชีพ,SS,ACADEMIC
ขรก.ถ่ายโอน รพ.สต.,52-1-06-3602-065 (ถ),พยาบาลวิชาชีพ,SS,ACADEMIC
ขรก.ถ่ายโอน รพ.สต.,52-1-06-4201-054 (ถ),เจ้าพนักงานการเงินและบัญชี,SS,GENERAL
ขรก.ถ่ายโอน รพ.สต.,52-1-06-3601-157 (ถ),นักวิชาการสาธารณสุข,SS,ACADEMIC
ขรก.ถ่ายโอน รพ.สต.,52-1-06-3601-097 (ถ),นักวิชาการสาธารณสุข,SS,ACADEMIC
ขรก.ถ่ายโอน รพ.สต.,52-1-06-3601-098 (ถ),นักวิชาการสาธารณสุข,SS,ACADEMIC
ขรก.ถ่ายโอน รพ.สต.,52-1-06-3601-099 (ถ),นักวิชาการสาธารณสุข,SS,ACADEMIC
ขรก.ถ่ายโอน รพ.สต.,52-1-06-3602-067 (ถ),พยาบาลวิชาชีพ,SS,ACADEMIC
ขรก.ถ่ายโอน รพ.สต.,52-1-06-3602-068 (ถ),พยาบาลวิชาชีพ,SS,ACADEMIC
ขรก.ถ่ายโอน รพ.สต.,52-1-06-3602-069 (ถ),พยาบาลวิชาชีพ,SS,ACADEMIC
ขรก.ถ่ายโอน รพ.สต.,52-1-06-3605-015 (ถ),แพทย์แผนไทย,SS,ACADEMIC
ขรก.ถ่ายโอน รพ.สต.,52-1-06-4101-061 (ถ),เจ้าพนักงานธุรการ,SS,GENERAL
ขรก.ถ่ายโอน รพ.สต.,52-1-06-4201-055 (ถ),เจ้าพนักงานการเงินและบัญชี,SS,GENERAL
ขรก.ถ่ายโอน รพ.สต.,52-1-06-4601-020 (ถ),เจ้าพนักงานสาธารณสุข,SS,GENERAL
ขรก.ถ่ายโอน รพ.สต.,52-1-06-4609-003 (ถ),เจ้าพนักงานทันตสาธารณสุข,SS,GENERAL
ขรก.ถ่ายโอน รพ.สต.,52-1-06-3602-070 (ถ),พยาบาลวิชาชีพ,SS,ACADEMIC
ขรก.ถ่ายโอน รพ.สต.,52-1-06-3601-100 (ถ),นักวิชาการสาธารณสุข,SS,ACADEMIC
ขรก.ถ่ายโอน รพ.สต.,52-1-06-3601-101 (ถ),นักวิชาการสาธารณสุข,SS,ACADEMIC
ขรก.ถ่ายโอน รพ.สต.,52-1-06-3601-102 (ถ),นักวิชาการสาธารณสุข,SS,ACADEMIC
ขรก.ถ่ายโอน รพ.สต.,52-1-06-3602-071 (ถ),พยาบาลวิชาชีพ,SS,ACADEMIC
ขรก.ถ่ายโอน รพ.สต.,52-1-06-3602-072 (ถ),พยาบาลวิชาชีพ,SS,ACADEMIC
ขรก.ถ่ายโอน รพ.สต.,52-1-06-4201-056 (ถ),เจ้าพนักงานการเงินและบัญชี,SS,GENERAL
ขรก.ถ่ายโอน รพ.สต.,52-1-06-3601-103 (ถ),นักวิชาการสาธารณสุข,SS,ACADEMIC
ขรก.ถ่ายโอน รพ.สต.,52-1-06-3601-104 (ถ),นักวิชาการสาธารณสุข,SS,ACADEMIC
ขรก.ถ่ายโอน รพ.สต.,52-1-06-3601-105 (ถ),นักวิชาการสาธารณสุข,SS,ACADEMIC
ขรก.ถ่ายโอน รพ.สต.,52-1-06-3601-106 (ถ),นักวิชาการสาธารณสุข,SS,ACADEMIC
ขรก.ถ่ายโอน รพ.สต.,52-1-06-3601-107 (ถ),นักวิชาการสาธารณสุข,SS,ACADEMIC
ขรก.ถ่ายโอน รพ.สต.,52-1-06-3602-073 (ถ),พยาบาลวิชาชีพ,SS,ACADEMIC
ขรก.ถ่ายโอน รพ.สต.,52-1-06-3602-074 (ถ),พยาบาลวิชาชีพ,SS,ACADEMIC
ขรก.ถ่ายโอน รพ.สต.,52-1-06-3602-075 (ถ),พยาบาลวิชาชีพ,SS,ACADEMIC
ขรก.ถ่ายโอน รพ.สต.,52-1-06-3605-016 (ถ),แพทย์แผนไทย,SS,ACADEMIC
ขรก.ถ่ายโอน รพ.สต.,52-1-06-4101-062 (ถ),เจ้าพนักงานธุรการ,SS,GENERAL
ขรก.ถ่ายโอน รพ.สต.,52-1-06-4201-057 (ถ),เจ้าพนักงานการเงินและบัญชี,SS,GENERAL
ขรก.ถ่ายโอน รพ.สต.,52-1-06-4601-021 (ถ),เจ้าพนักงานสาธารณสุข,SS,GENERAL
ขรก.ถ่ายโอน รพ.สต.,52-1-06-3602-076 (ถ),พยาบาลวิชาชีพ,SS,ACADEMIC
ขรก.ถ่ายโอน รพ.สต.,52-1-06-3601-108 (ถ),นักวิชาการสาธารณสุข,SS,ACADEMIC
ขรก.ถ่ายโอน รพ.สต.,52-1-06-3601-109 (ถ),นักวิชาการสาธารณสุข,SS,ACADEMIC
ขรก.ถ่ายโอน รพ.สต.,52-1-06-3601-110 (ถ),นักวิชาการสาธารณสุข,SS,ACADEMIC
ขรก.ถ่ายโอน รพ.สต.,52-1-06-3602-077 (ถ),พยาบาลวิชาชีพ,SS,ACADEMIC
ขรก.ถ่ายโอน รพ.สต.,52-1-06-3602-078 (ถ),พยาบาลวิชาชีพ,SS,ACADEMIC
ขรก.ถ่ายโอน รพ.สต.,52-1-06-3602-079 (ถ),พยาบาลวิชาชีพ,SS,ACADEMIC
ขรก.ถ่ายโอน รพ.สต.,52-1-06-3605-017 (ถ),แพทย์แผนไทย,SS,ACADEMIC
ขรก.ถ่ายโอน รพ.สต.,52-1-06-4101-064 (ถ),เจ้าพนักงานธุรการ,SS,GENERAL
ขรก.ถ่ายโอน รพ.สต.,52-1-06-4201-058 (ถ),เจ้าพนักงานการเงินและบัญชี,SS,GENERAL
ขรก.ถ่ายโอน รพ.สต.,52-1-06-4601-022 (ถ),เจ้าพนักงานสาธารณสุข,SS,GENERAL
ขรก.ถ่ายโอน รพ.สต.,52-1-06-4601-023 (ถ),เจ้าพนักงานสาธารณสุข,SS,GENERAL
ขรก.ถ่ายโอน รพ.สต.,52-1-06-3612-006 (ถ),เภสัชกร,SS,ACADEMIC
ขรก.ถ่ายโอน รพ.สต.,52-1-06-4609-004 (ถ),เจ้าพนักงานทันตสาธารณสุข,SS,GENERAL
ขรก.ถ่ายโอน รพ.สต.,52-1-06-3602-080 (ถ),พยาบาลวิชาชีพ,SS,ACADEMIC
ขรก.ถ่ายโอน รพ.สต.,52-1-06-3601-111 (ถ),นักวิชาการสาธารณสุข,SS,ACADEMIC
ขรก.ถ่ายโอน รพ.สต.,52-1-06-3601-112 (ถ),นักวิชาการสาธารณสุข,SS,ACADEMIC
ขรก.ถ่ายโอน รพ.สต.,52-1-06-3601-113 (ถ),นักวิชาการสาธารณสุข,SS,ACADEMIC
ขรก.ถ่ายโอน รพ.สต.,52-1-06-3602-081 (ถ),พยาบาลวิชาชีพ,SS,ACADEMIC
ขรก.ถ่ายโอน รพ.สต.,52-1-06-3602-082 (ถ),พยาบาลวิชาชีพ,SS,ACADEMIC
ขรก.ถ่ายโอน รพ.สต.,52-1-06-4201-059 (ถ),เจ้าพนักงานการเงินและบัญชี,SS,GENERAL
ขรก.ถ่ายโอน รพ.สต.,52-1-06-3601-114 (ถ),นักวิชาการสาธารณสุข,SS,ACADEMIC
ขรก.ถ่ายโอน รพ.สต.,52-1-06-3602-083 (ถ),พยาบาลวิชาชีพ,SS,ACADEMIC
ขรก.ถ่ายโอน รพ.สต.,52-1-06-3602-084 (ถ),พยาบาลวิชาชีพ,SS,ACADEMIC
ขรก.ถ่ายโอน รพ.สต.,52-1-06-3602-085 (ถ),พยาบาลวิชาชีพ,SS,ACADEMIC
ขรก.ถ่ายโอน รพ.สต.,52-1-06-3601-115 (ถ),นักวิชาการสาธารณสุข,SS,ACADEMIC
ขรก.ถ่ายโอน รพ.สต.,52-1-06-3601-116 (ถ),นักวิชาการสาธารณสุข,SS,ACADEMIC
ขรก.ถ่ายโอน รพ.สต.,52-1-06-3601-117 (ถ),นักวิชาการสาธารณสุข,SS,ACADEMIC
ขรก.ถ่ายโอน รพ.สต.,52-1-06-3605-018 (ถ),แพทย์แผนไทย,SS,ACADEMIC
ขรก.ถ่ายโอน รพ.สต.,52-1-06-4601-024 (ถ),เจ้าพนักงานสาธารณสุข,SS,GENERAL
ขรก.ถ่ายโอน รพ.สต.,52-1-06-4609-005 (ถ),เจ้าพนักงานทันตสาธารณสุข,SS,GENERAL
ขรก.ถ่ายโอน รพ.สต.,52-1-06-4201-060 (ถ),เจ้าพนักงานการเงินและบัญชี,SS,GENERAL
ขรก.ถ่ายโอน รพ.สต.,52-1-06-4101-063 (ถ),เจ้าพนักงานธุรการ,SS,GENERAL
ขรก.ถ่ายโอน รพ.สต.,52-1-06-3601-266 (ถ),นักวิชาการสาธารณสุข,SS,ACADEMIC
ขรก.ถ่ายโอน รพ.สต.,52-1-06-3601-118 (ถ),นักวิชาการสาธารณสุข,SS,ACADEMIC
ขรก.ถ่ายโอน รพ.สต.,52-1-06-3601-119 (ถ),นักวิชาการสาธารณสุข,SS,ACADEMIC
ขรก.ถ่ายโอน รพ.สต.,52-1-06-3601-120 (ถ),นักวิชาการสาธารณสุข,SS,ACADEMIC
ขรก.ถ่ายโอน รพ.สต.,52-1-06-3602-087 (ถ),พยาบาลวิชาชีพ,SS,ACADEMIC
ขรก.ถ่ายโอน รพ.สต.,52-1-06-3602-088 (ถ),พยาบาลวิชาชีพ,SS,ACADEMIC
ขรก.ถ่ายโอน รพ.สต.,52-1-06-3602-089 (ถ),พยาบาลวิชาชีพ,SS,ACADEMIC
ขรก.ถ่ายโอน รพ.สต.,52-1-06-3605-019 (ถ),แพทย์แผนไทย,SS,ACADEMIC
ขรก.ถ่ายโอน รพ.สต.,52-1-06-3612-005 (ถ),เภสัชกร,SS,ACADEMIC
ขรก.ถ่ายโอน รพ.สต.,52-1-06-4101-065 (ถ),เจ้าพนักงานธุรการ,SS,GENERAL
ขรก.ถ่ายโอน รพ.สต.,52-1-06-4201-061 (ถ),เจ้าพนักงานการเงินและบัญชี,SS,GENERAL
ขรก.ถ่ายโอน รพ.สต.,52-1-06-4601-025 (ถ),เจ้าพนักงานสาธารณสุข,SS,GENERAL
ขรก.ถ่ายโอน รพ.สต.,52-1-06-4601-026 (ถ),เจ้าพนักงานสาธารณสุข,SS,GENERAL
ขรก.ถ่ายโอน รพ.สต.,52-1-06-4609-006 (ถ),เจ้าพนักงานทันตสาธารณสุข,SS,GENERAL
ขรก.ถ่ายโอน รพ.สต.,52-1-06-3601-270 (ถ),นักวิชาการสาธารณสุข,SS,ACADEMIC
ขรก.ถ่ายโอน รพ.สต.,52-1-06-3601-121 (ถ),นักวิชาการสาธารณสุข,SS,ACADEMIC
ขรก.ถ่ายโอน รพ.สต.,52-1-06-3601-122 (ถ),นักวิชาการสาธารณสุข,SS,ACADEMIC
ขรก.ถ่ายโอน รพ.สต.,52-1-06-3601-123 (ถ),นักวิชาการสาธารณสุข,SS,ACADEMIC
ขรก.ถ่ายโอน รพ.สต.,52-1-06-3602-091 (ถ),พยาบาลวิชาชีพ,SS,ACADEMIC
ขรก.ถ่ายโอน รพ.สต.,52-1-06-3602-092 (ถ),พยาบาลวิชาชีพ,SS,ACADEMIC
ขรก.ถ่ายโอน รพ.สต.,52-1-06-4201-062 (ถ),เจ้าพนักงานการเงินและบัญชี,SS,GENERAL
ขรก.ถ่ายโอน รพ.สต.,52-1-06-3601-124 (ถ),นักวิชาการสาธารณสุข,SS,ACADEMIC
ขรก.ถ่ายโอน รพ.สต.,52-1-06-3601-125 (ถ),นักวิชาการสาธารณสุข,SS,ACADEMIC
ขรก.ถ่ายโอน รพ.สต.,52-1-06-3601-126 (ถ),นักวิชาการสาธารณสุข,SS,ACADEMIC
ขรก.ถ่ายโอน รพ.สต.,52-1-06-3601-127 (ถ),นักวิชาการสาธารณสุข,SS,ACADEMIC
ขรก.ถ่ายโอน รพ.สต.,52-1-06-3602-093 (ถ),พยาบาลวิชาชีพ,SS,ACADEMIC
ขรก.ถ่ายโอน รพ.สต.,52-1-06-3602-094 (ถ),พยาบาลวิชาชีพ,SS,ACADEMIC
ขรก.ถ่ายโอน รพ.สต.,52-1-06-3602-095 (ถ),พยาบาลวิชาชีพ,SS,ACADEMIC
ขรก.ถ่ายโอน รพ.สต.,52-1-06-3605-020 (ถ),แพทย์แผนไทย,SS,ACADEMIC
ขรก.ถ่ายโอน รพ.สต.,52-1-06-4101-066 (ถ),เจ้าพนักงานธุรการ,SS,GENERAL
ขรก.ถ่ายโอน รพ.สต.,52-1-06-4201-063 (ถ),เจ้าพนักงานการเงินและบัญชี,SS,GENERAL
ขรก.ถ่ายโอน รพ.สต.,52-1-06-4601-027 (ถ),เจ้าพนักงานสาธารณสุข,SS,GENERAL
ขรก.ถ่ายโอน รพ.สต.,52-1-06-4609-007 (ถ),เจ้าพนักงานทันตสาธารณสุข,SS,GENERAL
ขรก.ถ่ายโอน รพ.สต.,52-1-06-3601-128 (ถ),นักวิชาการสาธารณสุข,SS,ACADEMIC
ขรก.ถ่ายโอน รพ.สต.,52-1-06-3601-129 (ถ),นักวิชาการสาธารณสุข,SS,ACADEMIC
ขรก.ถ่ายโอน รพ.สต.,52-1-06-3601-131 (ถ),นักวิชาการสาธารณสุข,SS,ACADEMIC
ขรก.ถ่ายโอน รพ.สต.,52-1-06-3602-096 (ถ),พยาบาลวิชาชีพ,SS,ACADEMIC
ขรก.ถ่ายโอน รพ.สต.,52-1-06-3602-097 (ถ),พยาบาลวิชาชีพ,SS,ACADEMIC
ขรก.ถ่ายโอน รพ.สต.,52-1-06-3602-098 (ถ),พยาบาลวิชาชีพ,SS,ACADEMIC
ขรก.ถ่ายโอน รพ.สต.,52-1-06-3605-021 (ถ),แพทย์แผนไทย,SS,ACADEMIC
ขรก.ถ่ายโอน รพ.สต.,52-1-06-4101-067 (ถ),เจ้าพนักงานธุรการ,SS,GENERAL
ขรก.ถ่ายโอน รพ.สต.,52-1-06-4201-064 (ถ),เจ้าพนักงานการเงินและบัญชี,SS,GENERAL
ขรก.ถ่ายโอน รพ.สต.,52-1-06-4601-028 (ถ),เจ้าพนักงานสาธารณสุข,SS,GENERAL
ขรก.ถ่ายโอน รพ.สต.,52-1-06-4601-029 (ถ),เจ้าพนักงานสาธารณสุข,SS,GENERAL
ขรก.ถ่ายโอน รพ.สต.,52-1-06-4609-013 (ถ),เจ้าพนักงานทันตสาธารณสุข,SS,GENERAL
ขรก.ถ่ายโอน รพ.สต.,52-1-06-3601-132 (ถ),นักวิชาการสาธารณสุข,SS,ACADEMIC
ขรก.ถ่ายโอน รพ.สต.,52-1-06-3601-133 (ถ),นักวิชาการสาธารณสุข,SS,ACADEMIC
ขรก.ถ่ายโอน รพ.สต.,52-1-06-3601-134 (ถ),นักวิชาการสาธารณสุข,SS,ACADEMIC
ขรก.ถ่ายโอน รพ.สต.,52-1-06-3601-136 (ถ),นักวิชาการสาธารณสุข,SS,ACADEMIC
ขรก.ถ่ายโอน รพ.สต.,52-1-06-3601-137 (ถ),นักวิชาการสาธารณสุข,SS,ACADEMIC
ขรก.ถ่ายโอน รพ.สต.,52-1-06-3602-099 (ถ),พยาบาลวิชาชีพ,SS,ACADEMIC
ขรก.ถ่ายโอน รพ.สต.,52-1-06-3602-100 (ถ),พยาบาลวิชาชีพ,SS,ACADEMIC
ขรก.ถ่ายโอน รพ.สต.,52-1-06-3602-101 (ถ),พยาบาลวิชาชีพ,SS,ACADEMIC
ขรก.ถ่ายโอน รพ.สต.,52-1-06-3605-022 (ถ),แพทย์แผนไทย,SS,ACADEMIC
ขรก.ถ่ายโอน รพ.สต.,52-1-06-4101-068 (ถ),เจ้าพนักงานธุรการ,SS,GENERAL
ขรก.ถ่ายโอน รพ.สต.,52-1-06-4201-065 (ถ),เจ้าพนักงานการเงินและบัญชี,SS,GENERAL
ขรก.ถ่ายโอน รพ.สต.,52-1-06-4609-014 (ถ),เจ้าพนักงานทันตสาธารณสุข,SS,GENERAL
ขรก.ถ่ายโอน รพ.สต.,52-1-06-3602-102 (ถ),พยาบาลวิชาชีพ,SS,ACADEMIC
ขรก.ถ่ายโอน รพ.สต.,52-1-06-3601-138 (ถ),นักวิชาการสาธารณสุข,SS,ACADEMIC
ขรก.ถ่ายโอน รพ.สต.,52-1-06-3601-139 (ถ),นักวิชาการสาธารณสุข,SS,ACADEMIC
ขรก.ถ่ายโอน รพ.สต.,52-1-06-3601-141 (ถ),นักวิชาการสาธารณสุข,SS,ACADEMIC
ขรก.ถ่ายโอน รพ.สต.,52-1-06-3602-103 (ถ),พยาบาลวิชาชีพ,SS,ACADEMIC
ขรก.ถ่ายโอน รพ.สต.,52-1-06-3602-104 (ถ),พยาบาลวิชาชีพ,SS,ACADEMIC
ขรก.ถ่ายโอน รพ.สต.,52-1-06-3602-105 (ถ),พยาบาลวิชาชีพ,SS,ACADEMIC
ขรก.ถ่ายโอน รพ.สต.,52-1-06-3605-023 (ถ),แพทย์แผนไทย,SS,ACADEMIC
ขรก.ถ่ายโอน รพ.สต.,52-1-06-4101-069 (ถ),เจ้าพนักงานธุรการ,SS,GENERAL
ขรก.ถ่ายโอน รพ.สต.,52-1-06-4201-066 (ถ),เจ้าพนักงานการเงินและบัญชี,SS,GENERAL
ขรก.ถ่ายโอน รพ.สต.,52-1-06-4601-030 (ถ),เจ้าพนักงานสาธารณสุข,SS,GENERAL
ขรก.ถ่ายโอน รพ.สต.,52-1-06-4609-015 (ถ),เจ้าพนักงานทันตสาธารณสุข,SS,GENERAL
ขรก.ถ่ายโอน รพ.สต.,52-1-06-3602-106 (ถ),พยาบาลวิชาชีพ,SS,ACADEMIC
ขรก.ถ่ายโอน รพ.สต.,52-1-06-3601-142 (ถ),นักวิชาการสาธารณสุข,SS,ACADEMIC
ขรก.ถ่ายโอน รพ.สต.,52-1-06-3601-143 (ถ),นักวิชาการสาธารณสุข,SS,ACADEMIC
ขรก.ถ่ายโอน รพ.สต.,52-1-06-3601-144 (ถ),นักวิชาการสาธารณสุข,SS,ACADEMIC
ขรก.ถ่ายโอน รพ.สต.,52-1-06-3601-145 (ถ),นักวิชาการสาธารณสุข,SS,ACADEMIC
ขรก.ถ่ายโอน รพ.สต.,52-1-06-3602-107 (ถ),พยาบาลวิชาชีพ,SS,ACADEMIC
ขรก.ถ่ายโอน รพ.สต.,52-1-06-3602-108 (ถ),พยาบาลวิชาชีพ,SS,ACADEMIC
ขรก.ถ่ายโอน รพ.สต.,52-1-06-3602-109 (ถ),พยาบาลวิชาชีพ,SS,ACADEMIC
ขรก.ถ่ายโอน รพ.สต.,52-1-06-3605-024 (ถ),แพทย์แผนไทย,SS,ACADEMIC
ขรก.ถ่ายโอน รพ.สต.,52-1-06-4101-070 (ถ),เจ้าพนักงานธุรการ,SS,GENERAL
ขรก.ถ่ายโอน รพ.สต.,52-1-06-4201-067 (ถ),เจ้าพนักงานการเงินและบัญชี,SS,GENERAL
ขรก.ถ่ายโอน รพ.สต.,52-1-06-4601-031 (ถ),เจ้าพนักงานสาธารณสุข,SS,GENERAL
ขรก.ถ่ายโอน รพ.สต.,52-1-06-3601-146 (ถ),นักวิชาการสาธารณสุข,SS,ACADEMIC
ขรก.ถ่ายโอน รพ.สต.,52-1-06-3601-147 (ถ),นักวิชาการสาธารณสุข,SS,ACADEMIC
ขรก.ถ่ายโอน รพ.สต.,52-1-06-3601-148 (ถ),นักวิชาการสาธารณสุข,SS,ACADEMIC
ขรก.ถ่ายโอน รพ.สต.,52-1-06-3601-149 (ถ),นักวิชาการสาธารณสุข,SS,ACADEMIC
ขรก.ถ่ายโอน รพ.สต.,52-1-06-3602-110 (ถ),พยาบาลวิชาชีพ,SS,ACADEMIC
ขรก.ถ่ายโอน รพ.สต.,52-1-06-3602-111 (ถ),พยาบาลวิชาชีพ,SS,ACADEMIC
ขรก.ถ่ายโอน รพ.สต.,52-1-06-3602-112 (ถ),พยาบาลวิชาชีพ,SS,ACADEMIC
ขรก.ถ่ายโอน รพ.สต.,52-1-06-3605-025 (ถ),แพทย์แผนไทย,SS,ACADEMIC
ขรก.ถ่ายโอน รพ.สต.,52-1-06-4101-071 (ถ),เจ้าพนักงานธุรการ,SS,GENERAL
ขรก.ถ่ายโอน รพ.สต.,52-1-06-4201-068 (ถ),เจ้าพนักงานการเงินและบัญชี,SS,GENERAL
ขรก.ถ่ายโอน รพ.สต.,52-1-06-4601-032 (ถ),เจ้าพนักงานสาธารณสุข,SS,GENERAL
ขรก.ถ่ายโอน รพ.สต.,52-1-06-4608-002 (ถ),เจ้าพนักงานเภสัชกรรม,SS,GENERAL
ขรก.ถ่ายโอน รพ.สต.,52-1-06-3602-113 (ถ),พยาบาลวิชาชีพ,SS,ACADEMIC
ขรก.ถ่ายโอน รพ.สต.,52-1-06-3601-151 (ถ),นักวิชาการสาธารณสุข,SS,ACADEMIC
ขรก.ถ่ายโอน รพ.สต.,52-1-06-3601-152 (ถ),นักวิชาการสาธารณสุข,SS,ACADEMIC
ขรก.ถ่ายโอน รพ.สต.,52-1-06-3601-153 (ถ),นักวิชาการสาธารณสุข,SS,ACADEMIC
ขรก.ถ่ายโอน รพ.สต.,52-1-06-3602-114 (ถ),พยาบาลวิชาชีพ,SS,ACADEMIC
ขรก.ถ่ายโอน รพ.สต.,52-1-06-3602-115 (ถ),พยาบาลวิชาชีพ,SS,ACADEMIC
ขรก.ถ่ายโอน รพ.สต.,52-1-06-3602-116 (ถ),พยาบาลวิชาชีพ,SS,ACADEMIC
ขรก.ถ่ายโอน รพ.สต.,52-1-06-3605-026 (ถ),แพทย์แผนไทย,SS,ACADEMIC
ขรก.ถ่ายโอน รพ.สต.,52-1-06-4101-072 (ถ),เจ้าพนักงานธุรการ,SS,GENERAL
ขรก.ถ่ายโอน รพ.สต.,52-1-06-4201-069 (ถ),เจ้าพนักงานการเงินและบัญชี,SS,GENERAL
ขรก.ถ่ายโอน รพ.สต.,52-1-06-4601-033 (ถ),เจ้าพนักงานสาธารณสุข,SS,GENERAL
ขรก.ถ่ายโอน รพ.สต.,52-1-06-4601-034 (ถ),เจ้าพนักงานสาธารณสุข,SS,GENERAL
ขรก.ถ่ายโอน รพ.สต.,52-1-06-3602-117 (ถ),พยาบาลวิชาชีพ,SS,ACADEMIC
ขรก.ถ่ายโอน รพ.สต.,52-1-06-3601-154 (ถ),นักวิชาการสาธารณสุข,SS,ACADEMIC
ขรก.ถ่ายโอน รพ.สต.,52-1-06-3601-155 (ถ),นักวิชาการสาธารณสุข,SS,ACADEMIC
ขรก.ถ่ายโอน รพ.สต.,52-1-06-3601-156 (ถ),นักวิชาการสาธารณสุข,SS,ACADEMIC
ขรก.ถ่ายโอน รพ.สต.,52-1-06-3602-118 (ถ),พยาบาลวิชาชีพ,SS,ACADEMIC
ขรก.ถ่ายโอน รพ.สต.,52-1-06-3602-119 (ถ),พยาบาลวิชาชีพ,SS,ACADEMIC
ขรก.ถ่ายโอน รพ.สต.,52-1-06-3602-120 (ถ),พยาบาลวิชาชีพ,SS,ACADEMIC
ขรก.ถ่ายโอน รพ.สต.,52-1-06-3605-027 (ถ),แพทย์แผนไทย,SS,ACADEMIC
ขรก.ถ่ายโอน รพ.สต.,52-1-06-4101-073 (ถ),เจ้าพนักงานธุรการ,SS,GENERAL
ขรก.ถ่ายโอน รพ.สต.,52-1-06-4201-070 (ถ),เจ้าพนักงานการเงินและบัญชี,SS,GENERAL
ขรก.ถ่ายโอน รพ.สต.,52-1-06-4601-036 (ถ),เจ้าพนักงานสาธารณสุข,SS,GENERAL
ขรก.ถ่ายโอน รพ.สต.,52-1-06-4609-016 (ถ),เจ้าพนักงานทันตสาธารณสุข,SS,GENERAL
ขรก.ถ่ายโอน รพ.สต.,52-1-06-3602-066 (ถ),พยาบาลวิชาชีพ,SS,ACADEMIC
ขรก.ถ่ายโอน รพ.สต.,52-1-06-3601-158 (ถ),นักวิชาการสาธารณสุข,SS,ACADEMIC
ขรก.ถ่ายโอน รพ.สต.,52-1-06-3601-159 (ถ),นักวิชาการสาธารณสุข,SS,ACADEMIC
ขรก.ถ่ายโอน รพ.สต.,52-1-06-3601-160 (ถ),นักวิชาการสาธารณสุข,SS,ACADEMIC
ขรก.ถ่ายโอน รพ.สต.,52-1-06-3602-121 (ถ),พยาบาลวิชาชีพ,SS,ACADEMIC
ขรก.ถ่ายโอน รพ.สต.,52-1-06-3602-122 (ถ),พยาบาลวิชาชีพ,SS,ACADEMIC
ขรก.ถ่ายโอน รพ.สต.,52-1-06-4201-071 (ถ),เจ้าพนักงานการเงินและบัญชี,SS,GENERAL
ขรก.ถ่ายโอน รพ.สต.,52-1-06-3601-161 (ถ),นักวิชาการสาธารณสุข,SS,ACADEMIC
ขรก.ถ่ายโอน รพ.สต.,52-1-06-3601-162 (ถ),นักวิชาการสาธารณสุข,SS,ACADEMIC
ขรก.ถ่ายโอน รพ.สต.,52-1-06-3601-163 (ถ),นักวิชาการสาธารณสุข,SS,ACADEMIC
ขรก.ถ่ายโอน รพ.สต.,52-1-06-3601-165 (ถ),นักวิชาการสาธารณสุข,SS,ACADEMIC
ขรก.ถ่ายโอน รพ.สต.,52-1-06-3602-123 (ถ),พยาบาลวิชาชีพ,SS,ACADEMIC
ขรก.ถ่ายโอน รพ.สต.,52-1-06-3602-124 (ถ),พยาบาลวิชาชีพ,SS,ACADEMIC
ขรก.ถ่ายโอน รพ.สต.,52-1-06-3602-125 (ถ),พยาบาลวิชาชีพ,SS,ACADEMIC
ขรก.ถ่ายโอน รพ.สต.,52-1-06-3605-028 (ถ),แพทย์แผนไทย,SS,ACADEMIC
ขรก.ถ่ายโอน รพ.สต.,52-1-06-4101-074 (ถ),เจ้าพนักงานธุรการ,SS,GENERAL
ขรก.ถ่ายโอน รพ.สต.,52-1-06-4201-072 (ถ),เจ้าพนักงานการเงินและบัญชี,SS,GENERAL
ขรก.ถ่ายโอน รพ.สต.,52-1-06-4601-037 (ถ),เจ้าพนักงานสาธารณสุข,SS,GENERAL
ขรก.ถ่ายโอน รพ.สต.,52-1-06-4609-017 (ถ),เจ้าพนักงานทันตสาธารณสุข,SS,GENERAL
ขรก.ถ่ายโอน รพ.สต.,52-1-06-3602-126 (ถ),พยาบาลวิชาชีพ,SS,ACADEMIC
ขรก.ถ่ายโอน รพ.สต.,52-1-06-3601-166 (ถ),นักวิชาการสาธารณสุข,SS,ACADEMIC
ขรก.ถ่ายโอน รพ.สต.,52-1-06-3601-167 (ถ),นักวิชาการสาธารณสุข,SS,ACADEMIC
ขรก.ถ่ายโอน รพ.สต.,52-1-06-3601-168 (ถ),นักวิชาการสาธารณสุข,SS,ACADEMIC
ขรก.ถ่ายโอน รพ.สต.,52-1-06-3601-169 (ถ),นักวิชาการสาธารณสุข,SS,ACADEMIC
ขรก.ถ่ายโอน รพ.สต.,52-1-06-3602-127 (ถ),พยาบาลวิชาชีพ,SS,ACADEMIC
ขรก.ถ่ายโอน รพ.สต.,52-1-06-3602-128 (ถ),พยาบาลวิชาชีพ,SS,ACADEMIC
ขรก.ถ่ายโอน รพ.สต.,52-1-06-3602-129 (ถ),พยาบาลวิชาชีพ,SS,ACADEMIC
ขรก.ถ่ายโอน รพ.สต.,52-1-06-3605-029 (ถ),แพทย์แผนไทย,SS,ACADEMIC
ขรก.ถ่ายโอน รพ.สต.,52-1-06-4101-075 (ถ),เจ้าพนักงานธุรการ,SS,GENERAL
ขรก.ถ่ายโอน รพ.สต.,52-1-06-4201-073 (ถ),เจ้าพนักงานการเงินและบัญชี,SS,GENERAL
ขรก.ถ่ายโอน รพ.สต.,52-1-06-4601-038 (ถ),เจ้าพนักงานสาธารณสุข,SS,GENERAL
ขรก.ถ่ายโอน รพ.สต.,52-1-06-3602-130 (ถ),พยาบาลวิชาชีพ,SS,ACADEMIC
ขรก.ถ่ายโอน รพ.สต.,52-1-06-3601-170 (ถ),นักวิชาการสาธารณสุข,SS,ACADEMIC
ขรก.ถ่ายโอน รพ.สต.,52-1-06-3601-171 (ถ),นักวิชาการสาธารณสุข,SS,ACADEMIC
ขรก.ถ่ายโอน รพ.สต.,52-1-06-3602-131 (ถ),พยาบาลวิชาชีพ,SS,ACADEMIC
ขรก.ถ่ายโอน รพ.สต.,52-1-06-3602-132 (ถ),พยาบาลวิชาชีพ,SS,ACADEMIC
ขรก.ถ่ายโอน รพ.สต.,52-1-06-4201-074 (ถ),เจ้าพนักงานการเงินและบัญชี,SS,GENERAL
ขรก.ถ่ายโอน รพ.สต.,52-1-06-4601-039 (ถ),เจ้าพนักงานสาธารณสุข,SS,GENERAL
ขรก.ถ่ายโอน รพ.สต.,52-1-06-3602-133 (ถ),พยาบาลวิชาชีพ,SS,ACADEMIC
ขรก.ถ่ายโอน รพ.สต.,52-1-06-3601-172 (ถ),นักวิชาการสาธารณสุข,SS,ACADEMIC
ขรก.ถ่ายโอน รพ.สต.,52-1-06-3601-173 (ถ),นักวิชาการสาธารณสุข,SS,ACADEMIC
ขรก.ถ่ายโอน รพ.สต.,52-1-06-3602-134 (ถ),พยาบาลวิชาชีพ,SS,ACADEMIC
ขรก.ถ่ายโอน รพ.สต.,52-1-06-3602-135 (ถ),พยาบาลวิชาชีพ,SS,ACADEMIC
ขรก.ถ่ายโอน รพ.สต.,52-1-06-4201-075 (ถ),เจ้าพนักงานการเงินและบัญชี,SS,GENERAL
ขรก.ถ่ายโอน รพ.สต.,52-1-06-4601-040 (ถ),เจ้าพนักงานสาธารณสุข,SS,GENERAL
ขรก.ถ่ายโอน รพ.สต.,52-1-06-3601-174 (ถ),นักวิชาการสาธารณสุข,SS,ACADEMIC
ขรก.ถ่ายโอน รพ.สต.,52-1-06-3601-175 (ถ),นักวิชาการสาธารณสุข,SS,ACADEMIC
ขรก.ถ่ายโอน รพ.สต.,52-1-06-3601-176 (ถ),นักวิชาการสาธารณสุข,SS,ACADEMIC
ขรก.ถ่ายโอน รพ.สต.,52-1-06-3601-177 (ถ),นักวิชาการสาธารณสุข,SS,ACADEMIC
ขรก.ถ่ายโอน รพ.สต.,52-1-06-3601-178 (ถ),นักวิชาการสาธารณสุข,SS,ACADEMIC
ขรก.ถ่ายโอน รพ.สต.,52-1-06-3602-136 (ถ),พยาบาลวิชาชีพ,SS,ACADEMIC
ขรก.ถ่ายโอน รพ.สต.,52-1-06-3602-137 (ถ),พยาบาลวิชาชีพ,SS,ACADEMIC
ขรก.ถ่ายโอน รพ.สต.,52-1-06-3602-138 (ถ),พยาบาลวิชาชีพ,SS,ACADEMIC
ขรก.ถ่ายโอน รพ.สต.,52-1-06-3605-030 (ถ),แพทย์แผนไทย,SS,ACADEMIC
ขรก.ถ่ายโอน รพ.สต.,52-1-06-4101-076 (ถ),เจ้าพนักงานธุรการ,SS,GENERAL
ขรก.ถ่ายโอน รพ.สต.,52-1-06-4201-076 (ถ),เจ้าพนักงานการเงินและบัญชี,SS,GENERAL
ขรก.ถ่ายโอน รพ.สต.,52-1-06-4601-041 (ถ),เจ้าพนักงานสาธารณสุข,SS,GENERAL
ขรก.ถ่ายโอน รพ.สต.,52-1-06-3602-139 (ถ),พยาบาลวิชาชีพ,SS,ACADEMIC
ขรก.ถ่ายโอน รพ.สต.,52-1-06-3601-179 (ถ),นักวิชาการสาธารณสุข,SS,ACADEMIC
ขรก.ถ่ายโอน รพ.สต.,52-1-06-3601-180 (ถ),นักวิชาการสาธารณสุข,SS,ACADEMIC
ขรก.ถ่ายโอน รพ.สต.,52-1-06-3601-181 (ถ),นักวิชาการสาธารณสุข,SS,ACADEMIC
ขรก.ถ่ายโอน รพ.สต.,52-1-06-3602-140 (ถ),พยาบาลวิชาชีพ,SS,ACADEMIC
ขรก.ถ่ายโอน รพ.สต.,52-1-06-3602-141 (ถ),พยาบาลวิชาชีพ,SS,ACADEMIC
ขรก.ถ่ายโอน รพ.สต.,52-1-06-4201-077 (ถ),เจ้าพนักงานการเงินและบัญชี,SS,GENERAL
ขรก.ถ่ายโอน รพ.สต.,52-1-06-3601-182 (ถ),นักวิชาการสาธารณสุข,SS,ACADEMIC
ขรก.ถ่ายโอน รพ.สต.,52-1-06-3601-183 (ถ),นักวิชาการสาธารณสุข,SS,ACADEMIC
ขรก.ถ่ายโอน รพ.สต.,52-1-06-3602-142 (ถ),พยาบาลวิชาชีพ,SS,ACADEMIC
ขรก.ถ่ายโอน รพ.สต.,52-1-06-3602-143 (ถ),พยาบาลวิชาชีพ,SS,ACADEMIC
ขรก.ถ่ายโอน รพ.สต.,52-1-06-4201-078 (ถ),เจ้าพนักงานการเงินและบัญชี,SS,GENERAL
ขรก.ถ่ายโอน รพ.สต.,52-1-06-4601-042 (ถ),เจ้าพนักงานสาธารณสุข,SS,GENERAL
ขรก.ถ่ายโอน รพ.สต.,52-1-06-4601-043 (ถ),เจ้าพนักงานสาธารณสุข,SS,GENERAL
ขรก.ถ่ายโอน รพ.สต.,52-1-06-3602-144 (ถ),พยาบาลวิชาชีพ,SS,ACADEMIC
ขรก.ถ่ายโอน รพ.สต.,52-1-06-3601-184 (ถ),นักวิชาการสาธารณสุข,SS,ACADEMIC
ขรก.ถ่ายโอน รพ.สต.,52-1-06-3601-185 (ถ),นักวิชาการสาธารณสุข,SS,ACADEMIC
ขรก.ถ่ายโอน รพ.สต.,52-1-06-3601-186 (ถ),นักวิชาการสาธารณสุข,SS,ACADEMIC
ขรก.ถ่ายโอน รพ.สต.,52-1-06-3601-187 (ถ),นักวิชาการสาธารณสุข,SS,ACADEMIC
ขรก.ถ่ายโอน รพ.สต.,52-1-06-3601-188 (ถ),นักวิชาการสาธารณสุข,SS,ACADEMIC
ขรก.ถ่ายโอน รพ.สต.,52-1-06-3602-145 (ถ),พยาบาลวิชาชีพ,SS,ACADEMIC
ขรก.ถ่ายโอน รพ.สต.,52-1-06-3602-146 (ถ),พยาบาลวิชาชีพ,SS,ACADEMIC
ขรก.ถ่ายโอน รพ.สต.,52-1-06-3602-147 (ถ),พยาบาลวิชาชีพ,SS,ACADEMIC
ขรก.ถ่ายโอน รพ.สต.,52-1-06-3605-031 (ถ),แพทย์แผนไทย,SS,ACADEMIC
ขรก.ถ่ายโอน รพ.สต.,52-1-06-4101-077 (ถ),เจ้าพนักงานธุรการ,SS,GENERAL
ขรก.ถ่ายโอน รพ.สต.,52-1-06-4201-079 (ถ),เจ้าพนักงานการเงินและบัญชี,SS,GENERAL
ขรก.ถ่ายโอน รพ.สต.,52-1-06-3602-148 (ถ),พยาบาลวิชาชีพ,SS,ACADEMIC
ขรก.ถ่ายโอน รพ.สต.,52-1-06-3601-189 (ถ),นักวิชาการสาธารณสุข,SS,ACADEMIC
ขรก.ถ่ายโอน รพ.สต.,52-1-06-3601-190 (ถ),นักวิชาการสาธารณสุข,SS,ACADEMIC
ขรก.ถ่ายโอน รพ.สต.,52-1-06-3601-191 (ถ),นักวิชาการสาธารณสุข,SS,ACADEMIC
ขรก.ถ่ายโอน รพ.สต.,52-1-06-3602-149 (ถ),พยาบาลวิชาชีพ,SS,ACADEMIC
ขรก.ถ่ายโอน รพ.สต.,52-1-06-3602-150 (ถ),พยาบาลวิชาชีพ,SS,ACADEMIC
ขรก.ถ่ายโอน รพ.สต.,52-1-06-4201-080 (ถ),เจ้าพนักงานการเงินและบัญชี,SS,GENERAL
ขรก.ถ่ายโอน รพ.สต.,52-1-06-3602-151 (ถ),พยาบาลวิชาชีพ,SS,ACADEMIC
ขรก.ถ่ายโอน รพ.สต.,52-1-06-3601-192 (ถ),นักวิชาการสาธารณสุข,SS,ACADEMIC
ขรก.ถ่ายโอน รพ.สต.,52-1-06-3601-193 (ถ),นักวิชาการสาธารณสุข,SS,ACADEMIC
ขรก.ถ่ายโอน รพ.สต.,52-1-06-3601-194 (ถ),นักวิชาการสาธารณสุข,SS,ACADEMIC
ขรก.ถ่ายโอน รพ.สต.,52-1-06-3602-152 (ถ),พยาบาลวิชาชีพ,SS,ACADEMIC
ขรก.ถ่ายโอน รพ.สต.,52-1-06-3602-153 (ถ),พยาบาลวิชาชีพ,SS,ACADEMIC
ขรก.ถ่ายโอน รพ.สต.,52-1-06-4201-081 (ถ),เจ้าพนักงานการเงินและบัญชี,SS,GENERAL
ขรก.ถ่ายโอน รพ.สต.,52-1-06-3601-265 (ถ),นักวิชาการสาธารณสุข,SS,ACADEMIC
ขรก.ถ่ายโอน รพ.สต.,52-1-06-3601-195 (ถ),นักวิชาการสาธารณสุข,SS,ACADEMIC
ขรก.ถ่ายโอน รพ.สต.,52-1-06-3601-196 (ถ),นักวิชาการสาธารณสุข,SS,ACADEMIC
ขรก.ถ่ายโอน รพ.สต.,52-1-06-3601-197 (ถ),นักวิชาการสาธารณสุข,SS,ACADEMIC
ขรก.ถ่ายโอน รพ.สต.,52-1-06-3602-155 (ถ),พยาบาลวิชาชีพ,SS,ACADEMIC
ขรก.ถ่ายโอน รพ.สต.,52-1-06-3602-156 (ถ),พยาบาลวิชาชีพ,SS,ACADEMIC
ขรก.ถ่ายโอน รพ.สต.,52-1-06-3602-157 (ถ),พยาบาลวิชาชีพ,SS,ACADEMIC
ขรก.ถ่ายโอน รพ.สต.,52-1-06-3605-032 (ถ),แพทย์แผนไทย,SS,ACADEMIC
ขรก.ถ่ายโอน รพ.สต.,52-1-06-4101-078 (ถ),เจ้าพนักงานธุรการ,SS,GENERAL
ขรก.ถ่ายโอน รพ.สต.,52-1-06-4201-082 (ถ),เจ้าพนักงานการเงินและบัญชี,SS,GENERAL
ขรก.ถ่ายโอน รพ.สต.,52-1-06-4601-044 (ถ),เจ้าพนักงานสาธารณสุข,SS,GENERAL
ขรก.ถ่ายโอน รพ.สต.,52-1-06-4601-045 (ถ),เจ้าพนักงานสาธารณสุข,SS,GENERAL
ขรก.ถ่ายโอน รพ.สต.,52-1-06-3602-158 (ถ),พยาบาลวิชาชีพ,SS,ACADEMIC
ขรก.ถ่ายโอน รพ.สต.,52-1-06-3601-198 (ถ),นักวิชาการสาธารณสุข,SS,ACADEMIC
ขรก.ถ่ายโอน รพ.สต.,52-1-06-3601-199 (ถ),นักวิชาการสาธารณสุข,SS,ACADEMIC
ขรก.ถ่ายโอน รพ.สต.,52-1-06-3601-200 (ถ),นักวิชาการสาธารณสุข,SS,ACADEMIC
ขรก.ถ่ายโอน รพ.สต.,52-1-06-3601-201 (ถ),นักวิชาการสาธารณสุข,SS,ACADEMIC
ขรก.ถ่ายโอน รพ.สต.,52-1-06-3602-159 (ถ),พยาบาลวิชาชีพ,SS,ACADEMIC
ขรก.ถ่ายโอน รพ.สต.,52-1-06-3602-160 (ถ),พยาบาลวิชาชีพ,SS,ACADEMIC
ขรก.ถ่ายโอน รพ.สต.,52-1-06-3602-161 (ถ),พยาบาลวิชาชีพ,SS,ACADEMIC
ขรก.ถ่ายโอน รพ.สต.,52-1-06-3605-033 (ถ),แพทย์แผนไทย,SS,ACADEMIC
ขรก.ถ่ายโอน รพ.สต.,52-1-06-4101-079 (ถ),เจ้าพนักงานธุรการ,SS,GENERAL
ขรก.ถ่ายโอน รพ.สต.,52-1-06-4201-083 (ถ),เจ้าพนักงานการเงินและบัญชี,SS,GENERAL
ขรก.ถ่ายโอน รพ.สต.,52-1-06-4601-046 (ถ),เจ้าพนักงานสาธารณสุข,SS,GENERAL
ขรก.ถ่ายโอน รพ.สต.,52-1-06-3601-202 (ถ),นักวิชาการสาธารณสุข,SS,ACADEMIC
ขรก.ถ่ายโอน รพ.สต.,52-1-06-3601-203 (ถ),นักวิชาการสาธารณสุข,SS,ACADEMIC
ขรก.ถ่ายโอน รพ.สต.,52-1-06-3601-204 (ถ),นักวิชาการสาธารณสุข,SS,ACADEMIC
ขรก.ถ่ายโอน รพ.สต.,52-1-06-3601-205 (ถ),นักวิชาการสาธารณสุข,SS,ACADEMIC
ขรก.ถ่ายโอน รพ.สต.,52-1-06-3602-162 (ถ),พยาบาลวิชาชีพ,SS,ACADEMIC
ขรก.ถ่ายโอน รพ.สต.,52-1-06-3602-163 (ถ),พยาบาลวิชาชีพ,SS,ACADEMIC
ขรก.ถ่ายโอน รพ.สต.,52-1-06-4201-084 (ถ),เจ้าพนักงานการเงินและบัญชี,SS,GENERAL
ขรก.ถ่ายโอน รพ.สต.,52-1-06-3601-206 (ถ),นักวิชาการสาธารณสุข,SS,ACADEMIC
ขรก.ถ่ายโอน รพ.สต.,52-1-06-3601-207 (ถ),นักวิชาการสาธารณสุข,SS,ACADEMIC
ขรก.ถ่ายโอน รพ.สต.,52-1-06-3601-208 (ถ),นักวิชาการสาธารณสุข,SS,ACADEMIC
ขรก.ถ่ายโอน รพ.สต.,52-1-06-3601-209 (ถ),นักวิชาการสาธารณสุข,SS,ACADEMIC
ขรก.ถ่ายโอน รพ.สต.,52-1-06-3602-164 (ถ),พยาบาลวิชาชีพ,SS,ACADEMIC
ขรก.ถ่ายโอน รพ.สต.,52-1-06-3602-165 (ถ),พยาบาลวิชาชีพ,SS,ACADEMIC
ขรก.ถ่ายโอน รพ.สต.,52-1-06-4201-085 (ถ),เจ้าพนักงานการเงินและบัญชี,SS,GENERAL
ขรก.ถ่ายโอน รพ.สต.,52-1-06-3601-210 (ถ),นักวิชาการสาธารณสุข,SS,ACADEMIC
ขรก.ถ่ายโอน รพ.สต.,52-1-06-3601-211 (ถ),นักวิชาการสาธารณสุข,SS,ACADEMIC
ขรก.ถ่ายโอน รพ.สต.,52-1-06-3601-212 (ถ),นักวิชาการสาธารณสุข,SS,ACADEMIC
ขรก.ถ่ายโอน รพ.สต.,52-1-06-3601-213 (ถ),นักวิชาการสาธารณสุข,SS,ACADEMIC
ขรก.ถ่ายโอน รพ.สต.,52-1-06-3602-166 (ถ),พยาบาลวิชาชีพ,SS,ACADEMIC
ขรก.ถ่ายโอน รพ.สต.,52-1-06-3602-167 (ถ),พยาบาลวิชาชีพ,SS,ACADEMIC
ขรก.ถ่ายโอน รพ.สต.,52-1-06-4201-086 (ถ),เจ้าพนักงานการเงินและบัญชี,SS,GENERAL
ขรก.ถ่ายโอน รพ.สต.,52-1-06-3601-214 (ถ),นักวิชาการสาธารณสุข,SS,ACADEMIC
ขรก.ถ่ายโอน รพ.สต.,52-1-06-3601-215 (ถ),นักวิชาการสาธารณสุข,SS,ACADEMIC
ขรก.ถ่ายโอน รพ.สต.,52-1-06-3601-216 (ถ),นักวิชาการสาธารณสุข,SS,ACADEMIC
ขรก.ถ่ายโอน รพ.สต.,52-1-06-3601-218 (ถ),นักวิชาการสาธารณสุข,SS,ACADEMIC
ขรก.ถ่ายโอน รพ.สต.,52-1-06-3602-168 (ถ),พยาบาลวิชาชีพ,SS,ACADEMIC
ขรก.ถ่ายโอน รพ.สต.,52-1-06-3602-169 (ถ),พยาบาลวิชาชีพ,SS,ACADEMIC
ขรก.ถ่ายโอน รพ.สต.,52-1-06-3602-170 (ถ),พยาบาลวิชาชีพ,SS,ACADEMIC
ขรก.ถ่ายโอน รพ.สต.,52-1-06-3605-034 (ถ),แพทย์แผนไทย,SS,ACADEMIC
ขรก.ถ่ายโอน รพ.สต.,52-1-06-4101-080 (ถ),เจ้าพนักงานธุรการ,SS,GENERAL
ขรก.ถ่ายโอน รพ.สต.,52-1-06-4201-087 (ถ),เจ้าพนักงานการเงินและบัญชี,SS,GENERAL
ขรก.ถ่ายโอน รพ.สต.,52-1-06-4601-047 (ถ),เจ้าพนักงานสาธารณสุข,SS,GENERAL
ขรก.ถ่ายโอน รพ.สต.,52-1-06-4609-018 (ถ),เจ้าพนักงานทันตสาธารณสุข,SS,GENERAL
ขรก.ถ่ายโอน รพ.สต.,52-1-06-3601-219 (ถ),นักวิชาการสาธารณสุข,SS,ACADEMIC
ขรก.ถ่ายโอน รพ.สต.,52-1-06-3601-220 (ถ),นักวิชาการสาธารณสุข,SS,ACADEMIC
ขรก.ถ่ายโอน รพ.สต.,52-1-06-3601-221 (ถ),นักวิชาการสาธารณสุข,SS,ACADEMIC
ขรก.ถ่ายโอน รพ.สต.,52-1-06-3601-223 (ถ),นักวิชาการสาธารณสุข,SS,ACADEMIC
ขรก.ถ่ายโอน รพ.สต.,52-1-06-3602-171 (ถ),พยาบาลวิชาชีพ,SS,ACADEMIC
ขรก.ถ่ายโอน รพ.สต.,52-1-06-3602-172 (ถ),พยาบาลวิชาชีพ,SS,ACADEMIC
ขรก.ถ่ายโอน รพ.สต.,52-1-06-3602-173 (ถ),พยาบาลวิชาชีพ,SS,ACADEMIC
ขรก.ถ่ายโอน รพ.สต.,52-1-06-3605-035 (ถ),แพทย์แผนไทย,SS,ACADEMIC
ขรก.ถ่ายโอน รพ.สต.,52-1-06-4101-081 (ถ),เจ้าพนักงานธุรการ,SS,GENERAL
ขรก.ถ่ายโอน รพ.สต.,52-1-06-4201-088 (ถ),เจ้าพนักงานการเงินและบัญชี,SS,GENERAL
ขรก.ถ่ายโอน รพ.สต.,52-1-06-4601-048 (ถ),เจ้าพนักงานสาธารณสุข,SS,GENERAL
ขรก.ถ่ายโอน รพ.สต.,52-1-06-4609-019 (ถ),เจ้าพนักงานทันตสาธารณสุข,SS,GENERAL
ขรก.ถ่ายโอน รพ.สต.,52-1-06-3602-174 (ถ),พยาบาลวิชาชีพ,SS,ACADEMIC
ขรก.ถ่ายโอน รพ.สต.,52-1-06-3601-224 (ถ),นักวิชาการสาธารณสุข,SS,ACADEMIC
ขรก.ถ่ายโอน รพ.สต.,52-1-06-3601-225 (ถ),นักวิชาการสาธารณสุข,SS,ACADEMIC
ขรก.ถ่ายโอน รพ.สต.,52-1-06-3601-226 (ถ),นักวิชาการสาธารณสุข,SS,ACADEMIC
ขรก.ถ่ายโอน รพ.สต.,52-1-06-3601-227 (ถ),นักวิชาการสาธารณสุข,SS,ACADEMIC
ขรก.ถ่ายโอน รพ.สต.,52-1-06-3602-175 (ถ),พยาบาลวิชาชีพ,SS,ACADEMIC
ขรก.ถ่ายโอน รพ.สต.,52-1-06-3602-176 (ถ),พยาบาลวิชาชีพ,SS,ACADEMIC
ขรก.ถ่ายโอน รพ.สต.,52-1-06-3602-177 (ถ),พยาบาลวิชาชีพ,SS,ACADEMIC
ขรก.ถ่ายโอน รพ.สต.,52-1-06-3605-036 (ถ),แพทย์แผนไทย,SS,ACADEMIC
ขรก.ถ่ายโอน รพ.สต.,52-1-06-4101-082 (ถ),เจ้าพนักงานธุรการ,SS,GENERAL
ขรก.ถ่ายโอน รพ.สต.,52-1-06-4201-089 (ถ),เจ้าพนักงานการเงินและบัญชี,SS,GENERAL
ขรก.ถ่ายโอน รพ.สต.,52-1-06-4601-049 (ถ),เจ้าพนักงานสาธารณสุข,SS,GENERAL
ขรก.ถ่ายโอน รพ.สต.,52-1-06-3601-228 (ถ),นักวิชาการสาธารณสุข,SS,ACADEMIC
ขรก.ถ่ายโอน รพ.สต.,52-1-06-3601-229 (ถ),นักวิชาการสาธารณสุข,SS,ACADEMIC
ขรก.ถ่ายโอน รพ.สต.,52-1-06-3601-230 (ถ),นักวิชาการสาธารณสุข,SS,ACADEMIC
ขรก.ถ่ายโอน รพ.สต.,52-1-06-3601-231 (ถ),นักวิชาการสาธารณสุข,SS,ACADEMIC
ขรก.ถ่ายโอน รพ.สต.,52-1-06-3602-178 (ถ),พยาบาลวิชาชีพ,SS,ACADEMIC
ขรก.ถ่ายโอน รพ.สต.,52-1-06-3602-179 (ถ),พยาบาลวิชาชีพ,SS,ACADEMIC
ขรก.ถ่ายโอน รพ.สต.,52-1-06-3602-180 (ถ),พยาบาลวิชาชีพ,SS,ACADEMIC
ขรก.ถ่ายโอน รพ.สต.,52-1-06-3605-037 (ถ),แพทย์แผนไทย,SS,ACADEMIC
ขรก.ถ่ายโอน รพ.สต.,52-1-06-4101-083 (ถ),เจ้าพนักงานธุรการ,SS,GENERAL
ขรก.ถ่ายโอน รพ.สต.,52-1-06-4201-090 (ถ),เจ้าพนักงานการเงินและบัญชี,SS,GENERAL
ขรก.ถ่ายโอน รพ.สต.,52-1-06-4601-050 (ถ),เจ้าพนักงานสาธารณสุข,SS,GENERAL
ขรก.ถ่ายโอน รพ.สต.,52-1-06-4601-051 (ถ),เจ้าพนักงานสาธารณสุข,SS,GENERAL
ขรก.ถ่ายโอน รพ.สต.,52-1-06-4601-052 (ถ),เจ้าพนักงานสาธารณสุข อาวุโส,SS,GENERAL
ขรก.ถ่ายโอน รพ.สต.,52-1-06-3601-232 (ถ),นักวิชาการสาธารณสุข,SS,ACADEMIC
ขรก.ถ่ายโอน รพ.สต.,52-1-06-3601-233 (ถ),นักวิชาการสาธารณสุข,SS,ACADEMIC
ขรก.ถ่ายโอน รพ.สต.,52-1-06-3601-235 (ถ),นักวิชาการสาธารณสุข,SS,ACADEMIC
ขรก.ถ่ายโอน รพ.สต.,52-1-06-3602-181 (ถ),พยาบาลวิชาชีพ,SS,ACADEMIC
ขรก.ถ่ายโอน รพ.สต.,52-1-06-3602-182 (ถ),พยาบาลวิชาชีพ,SS,ACADEMIC
ขรก.ถ่ายโอน รพ.สต.,52-1-06-3602-183 (ถ),พยาบาลวิชาชีพ,SS,ACADEMIC
ขรก.ถ่ายโอน รพ.สต.,52-1-06-3605-038 (ถ),แพทย์แผนไทย,SS,ACADEMIC
ขรก.ถ่ายโอน รพ.สต.,52-1-06-4101-084 (ถ),เจ้าพนักงานธุรการ,SS,GENERAL
ขรก.ถ่ายโอน รพ.สต.,52-1-06-4201-091 (ถ),เจ้าพนักงานการเงินและบัญชี,SS,GENERAL
ขรก.ถ่ายโอน รพ.สต.,52-1-06-4601-053 (ถ),เจ้าพนักงานสาธารณสุข,SS,GENERAL
ขรก.ถ่ายโอน รพ.สต.,52-1-06-4609-020 (ถ),เจ้าพนักงานทันตสาธารณสุข,SS,GENERAL
ขรก.ถ่ายโอน รพ.สต.,52-1-06-4601-054 (ถ),เจ้าพนักงานสาธารณสุข อาวุโส,SS,GENERAL
ขรก.ถ่ายโอน รพ.สต.,52-1-06-3601-236 (ถ),นักวิชาการสาธารณสุข,SS,ACADEMIC
ขรก.ถ่ายโอน รพ.สต.,52-1-06-3601-237 (ถ),นักวิชาการสาธารณสุข,SS,ACADEMIC
ขรก.ถ่ายโอน รพ.สต.,52-1-06-3601-238 (ถ),นักวิชาการสาธารณสุข,SS,ACADEMIC
ขรก.ถ่ายโอน รพ.สต.,52-1-06-3601-239 (ถ),นักวิชาการสาธารณสุข,SS,ACADEMIC
ขรก.ถ่ายโอน รพ.สต.,52-1-06-3602-184 (ถ),พยาบาลวิชาชีพ,SS,ACADEMIC
ขรก.ถ่ายโอน รพ.สต.,52-1-06-3602-185 (ถ),พยาบาลวิชาชีพ,SS,ACADEMIC
ขรก.ถ่ายโอน รพ.สต.,52-1-06-3602-186 (ถ),พยาบาลวิชาชีพ,SS,ACADEMIC
ขรก.ถ่ายโอน รพ.สต.,52-1-06-3605-039 (ถ),แพทย์แผนไทย,SS,ACADEMIC
ขรก.ถ่ายโอน รพ.สต.,52-1-06-4101-085 (ถ),เจ้าพนักงานธุรการ,SS,GENERAL
ขรก.ถ่ายโอน รพ.สต.,52-1-06-4201-092 (ถ),เจ้าพนักงานการเงินและบัญชี,SS,GENERAL
ขรก.ถ่ายโอน รพ.สต.,52-1-06-4601-055 (ถ),เจ้าพนักงานสาธารณสุข,SS,GENERAL
ขรก.ถ่ายโอน รพ.สต.,52-1-06-3601-240 (ถ),นักวิชาการสาธารณสุข,SS,ACADEMIC
ขรก.ถ่ายโอน รพ.สต.,52-1-06-3601-241 (ถ),นักวิชาการสาธารณสุข,SS,ACADEMIC
ขรก.ถ่ายโอน รพ.สต.,52-1-06-3601-242 (ถ),นักวิชาการสาธารณสุข,SS,ACADEMIC
ขรก.ถ่ายโอน รพ.สต.,52-1-06-3601-243 (ถ),นักวิชาการสาธารณสุข,SS,ACADEMIC
ขรก.ถ่ายโอน รพ.สต.,52-1-06-3602-187 (ถ),พยาบาลวิชาชีพ,SS,ACADEMIC
ขรก.ถ่ายโอน รพ.สต.,52-1-06-3602-188 (ถ),พยาบาลวิชาชีพ,SS,ACADEMIC
ขรก.ถ่ายโอน รพ.สต.,52-1-06-3602-189 (ถ),พยาบาลวิชาชีพ,SS,ACADEMIC
ขรก.ถ่ายโอน รพ.สต.,52-1-06-3605-040 (ถ),แพทย์แผนไทย,SS,ACADEMIC
ขรก.ถ่ายโอน รพ.สต.,52-1-06-4101-086 (ถ),เจ้าพนักงานธุรการ,SS,GENERAL
ขรก.ถ่ายโอน รพ.สต.,52-1-06-4201-093 (ถ),เจ้าพนักงานการเงินและบัญชี,SS,GENERAL
ขรก.ถ่ายโอน รพ.สต.,52-1-06-4601-056 (ถ),เจ้าพนักงานสาธารณสุข,SS,GENERAL
ขรก.ถ่ายโอน รพ.สต.,52-1-06-4609-008 (ถ),เจ้าพนักงานทันตสาธารณสุข อาวุโส,SS,GENERAL
ขรก.ถ่ายโอน รพ.สต.,52-1-06-3601-244 (ถ),นักวิชาการสาธารณสุข,SS,ACADEMIC
ขรก.ถ่ายโอน รพ.สต.,52-1-06-3601-245 (ถ),นักวิชาการสาธารณสุข,SS,ACADEMIC
ขรก.ถ่ายโอน รพ.สต.,52-1-06-3601-246 (ถ),นักวิชาการสาธารณสุข,SS,ACADEMIC
ขรก.ถ่ายโอน รพ.สต.,52-1-06-3602-190 (ถ),พยาบาลวิชาชีพ,SS,ACADEMIC
ขรก.ถ่ายโอน รพ.สต.,52-1-06-3602-191 (ถ),พยาบาลวิชาชีพ,SS,ACADEMIC
ขรก.ถ่ายโอน รพ.สต.,52-1-06-4201-094 (ถ),เจ้าพนักงานการเงินและบัญชี,SS,GENERAL
ขรก.ถ่ายโอน รพ.สต.,52-1-06-4601-057 (ถ),เจ้าพนักงานสาธารณสุข,SS,GENERAL
ขรก.ถ่ายโอน รพ.สต.,52-1-06-3601-247 (ถ),นักวิชาการสาธารณสุข,SS,ACADEMIC
ขรก.ถ่ายโอน รพ.สต.,52-1-06-3601-248 (ถ),นักวิชาการสาธารณสุข,SS,ACADEMIC
ขรก.ถ่ายโอน รพ.สต.,52-1-06-3601-249 (ถ),นักวิชาการสาธารณสุข,SS,ACADEMIC
ขรก.ถ่ายโอน รพ.สต.,52-1-06-3601-250 (ถ),นักวิชาการสาธารณสุข,SS,ACADEMIC
ขรก.ถ่ายโอน รพ.สต.,52-1-06-3602-192 (ถ),พยาบาลวิชาชีพ,SS,ACADEMIC
ขรก.ถ่ายโอน รพ.สต.,52-1-06-3602-193 (ถ),พยาบาลวิชาชีพ,SS,ACADEMIC
ขรก.ถ่ายโอน รพ.สต.,52-1-06-4201-095 (ถ),เจ้าพนักงานการเงินและบัญชี,SS,GENERAL
ขรก.ถ่ายโอน รพ.สต.,52-1-06-3601-251 (ถ),นักวิชาการสาธารณสุข,SS,ACADEMIC
ขรก.ถ่ายโอน รพ.สต.,52-1-06-3601-252 (ถ),นักวิชาการสาธารณสุข,SS,ACADEMIC
ขรก.ถ่ายโอน รพ.สต.,52-1-06-3601-253 (ถ),นักวิชาการสาธารณสุข,SS,ACADEMIC
ขรก.ถ่ายโอน รพ.สต.,52-1-06-3601-254 (ถ),นักวิชาการสาธารณสุข,SS,ACADEMIC
ขรก.ถ่ายโอน รพ.สต.,52-1-06-3602-194 (ถ),พยาบาลวิชาชีพ,SS,ACADEMIC
ขรก.ถ่ายโอน รพ.สต.,52-1-06-3602-195 (ถ),พยาบาลวิชาชีพ,SS,ACADEMIC
ขรก.ถ่ายโอน รพ.สต.,52-1-06-4201-096 (ถ),เจ้าพนักงานการเงินและบัญชี,SS,GENERAL
ขรก.ถ่ายโอน รพ.สต.,52-1-06-3601-255 (ถ),นักวิชาการสาธารณสุข,SS,ACADEMIC
ขรก.ถ่ายโอน รพ.สต.,52-1-06-3601-256 (ถ),นักวิชาการสาธารณสุข,SS,ACADEMIC
ขรก.ถ่ายโอน รพ.สต.,52-1-06-3601-257 (ถ),นักวิชาการสาธารณสุข,SS,ACADEMIC
ขรก.ถ่ายโอน รพ.สต.,52-1-06-3601-258 (ถ),นักวิชาการสาธารณสุข,SS,ACADEMIC
ขรก.ถ่ายโอน รพ.สต.,52-1-06-3602-196 (ถ),พยาบาลวิชาชีพ,SS,ACADEMIC
ขรก.ถ่ายโอน รพ.สต.,52-1-06-3602-197 (ถ),พยาบาลวิชาชีพ,SS,ACADEMIC
ขรก.ถ่ายโอน รพ.สต.,52-1-06-4201-097 (ถ),เจ้าพนักงานการเงินและบัญชี,SS,GENERAL
ขรก.ถ่ายโอน รพ.สต.,52-1-06-3601-259 (ถ),นักวิชาการสาธารณสุข,SS,ACADEMIC
ขรก.ถ่ายโอน รพ.สต.,52-1-06-3601-260 (ถ),นักวิชาการสาธารณสุข,SS,ACADEMIC
ขรก.ถ่ายโอน รพ.สต.,52-1-06-3601-261 (ถ),นักวิชาการสาธารณสุข,SS,ACADEMIC
ขรก.ถ่ายโอน รพ.สต.,52-1-06-3602-198 (ถ),พยาบาลวิชาชีพ,SS,ACADEMIC
ขรก.ถ่ายโอน รพ.สต.,52-1-06-3602-199 (ถ),พยาบาลวิชาชีพ,SS,ACADEMIC
ขรก.ถ่ายโอน รพ.สต.,52-1-06-4201-098 (ถ),เจ้าพนักงานการเงินและบัญชี,SS,GENERAL
ขรก.ถ่ายโอน รพ.สต.,52-1-06-4601-058 (ถ),เจ้าพนักงานสาธารณสุข,SS,GENERAL
ขรก.ถ่ายโอน รพ.สต.,52-1-06-3602-200 (ถ),พยาบาลวิชาชีพ,SS,ACADEMIC
ขรก.ถ่ายโอน รพ.สต.,52-1-06-3601-262 (ถ),นักวิชาการสาธารณสุข,SS,ACADEMIC
ขรก.ถ่ายโอน รพ.สต.,52-1-06-3601-263 (ถ),นักวิชาการสาธารณสุข,SS,ACADEMIC
ขรก.ถ่ายโอน รพ.สต.,52-1-06-3602-201 (ถ),พยาบาลวิชาชีพ,SS,ACADEMIC
ขรก.ถ่ายโอน รพ.สต.,52-1-06-3602-202 (ถ),พยาบาลวิชาชีพ,SS,ACADEMIC
ขรก.ถ่ายโอน รพ.สต.,52-1-06-4201-099 (ถ),เจ้าพนักงานการเงินและบัญชี,SS,GENERAL
ขรก.ถ่ายโอน รพ.สต.,52-1-06-4601-059 (ถ),เจ้าพนักงานสาธารณสุข,SS,GENERAL
ลูกจ้างประจำ,2,ลูกจ้างประจำ,SC,GENERAL
ลูกจ้างประจำ,50,ลูกจ้างประจำ,SC,GENERAL
คณะผู้บริหาร,EX-001,นายก อบจ.ลำปาง,EX,POLITICAL
คณะผู้บริหาร,EX-002,รองนายก อบจ.ลำปาง,EX,POLITICAL
คณะผู้บริหาร,EX-003,รองนายก อบจ.ลำปาง,EX,POLITICAL
คณะผู้บริหาร,EX-004,เลขานุการนายก อบจ.ลำปาง,EX,POLITICAL
คณะผู้บริหาร,EX-005,เลขานุการนายก อบจ.ลำปาง,EX,POLITICAL
คณะผู้บริหาร,EX-006,ที่ปรึกษานายก อบจ.ลำปาง,EX,POLITICAL
คณะผู้บริหาร,EX-007,ที่ปรึกษานายก อบจ.ลำปาง,EX,POLITICAL
คณะผู้บริหาร,EX-008,ที่ปรึกษานายก อบจ.ลำปาง,EX,POLITICAL
คณะผู้บริหาร,EX-009,ผู้ช่วยผู้บริหาร,EX,POLITICAL
